lsgi_code_ward_number,lsgi_code,lsgi_name,ward_number,ward_name,elected_representative,district,lsgi_type,winning_party,winning_front,votes,year,mayor/deputymayor/Councillor
C07003_1,C07003,Kochi,1,Fort Kochi,Shiny Mathew,Ernakulam,Municipal Corporation,INC,UDF,2071,2025,Councillor
C07003_2,C07003,Kochi,2,Kalvathy,Fousia Mohammed,Ernakulam,Municipal Corporation,IUML,UDF,2364,2025,Councillor
C07003_3,C07003,Kochi,3,Earavely,Raheena (Raheena Rafeeq),Ernakulam,Municipal Corporation,INC,UDF,2538,2025,Councillor
C07003_4,C07003,Kochi,4,Karippalam,Manaf KA,Ernakulam,Municipal Corporation,INC,UDF,2232,2025,Councillor
C07003_5,C07003,Kochi,5,Cheralayi,Praveetha Vijayakumar,Ernakulam,Municipal Corporation,BJP,NDA,2639,2025,Councillor
C07003_6,C07003,Kochi,6,Mattanchery,Sheeja Navas,Ernakulam,Municipal Corporation,IUML,UDF,2704,2025,Councillor
C07003_7,C07003,Kochi,7,Chakkamadam,Suhana Subair,Ernakulam,Municipal Corporation,CPI(M),LDF,1863,2025,Councillor
C07003_8,C07003,Kochi,8,Karuvelippady,Kavitha Harikumar,Ernakulam,Municipal Corporation,INC,UDF,1290,2025,Councillor
C07003_9,C07003,Kochi,9,Island North,Padmakumari T,Ernakulam,Municipal Corporation,BJP,NDA,223,2025,Councillor
C07003_10,C07003,Kochi,10,Ravipuram,S. Sasikala,Ernakulam,Municipal Corporation,IND,OTH,847,2025,Councillor
C07003_11,C07003,Kochi,11,Ernakulam South,K V P Krishnakumar,Ernakulam,Municipal Corporation,INC,UDF,1179,2025,Councillor
C07003_12,C07003,Kochi,12,Gandhi Nagar,Nirmala Teacher,Ernakulam,Municipal Corporation,INC,UDF,1518,2025,Councillor
C07003_13,C07003,Kochi,13,Kathrikadavu,Riya Lawrance,Ernakulam,Municipal Corporation,INC,UDF,2253,2025,Councillor
C07003_14,C07003,Kochi,14,Ernakulam Central,Sudha  Dileepkumar,Ernakulam,Municipal Corporation,BJP,NDA,1289,2025,Councillor
C07003_15,C07003,Kochi,15,Ernakulam North,Augustine Sebastine P M,Ernakulam,Municipal Corporation,INC,UDF,1394,2025,Councillor
C07003_16,C07003,Kochi,16,Kaloor South,Aristtottil. M. G,Ernakulam,Municipal Corporation,INC,UDF,1686,2025,Councillor
C07003_17,C07003,Kochi,17,Kaloor-North,Asharaf.T.K (Sharafu),Ernakulam,Municipal Corporation,IUML,UDF,1437,2025,Councillor
C07003_18,C07003,Kochi,18,Thrikkanarvattom,Jalaja S Acharya,Ernakulam,Municipal Corporation,BJP,NDA,785,2025,Councillor
C07003_19,C07003,Kochi,19,Ayyappankavu,Deepak Joy,Ernakulam,Municipal Corporation,INC,UDF,1970,2025,Deputy Mayor
C07003_20,C07003,Kochi,20,Pottakuzhy,Brijith Ashwin,Ernakulam,Municipal Corporation,CPI,LDF,1332,2025,Councillor
C07003_21,C07003,Kochi,21,Elamakkara South,V.R.Sudheer,Ernakulam,Municipal Corporation,INC,UDF,2449,2025,Councillor
C07003_22,C07003,Kochi,22,Pachalam,Albert Ambalathinkal,Ernakulam,Municipal Corporation,INC,UDF,2581,2025,Councillor
C07003_23,C07003,Kochi,23,Thattazham,Siby John,Ernakulam,Municipal Corporation,INC,UDF,1360,2025,Councillor
C07003_24,C07003,Kochi,24,Vaduthala West,Jismi Jerald,Ernakulam,Municipal Corporation,INC,UDF,2447,2025,Councillor
C07003_25,C07003,Kochi,25,Vaduthala East,Henry Austin,Ernakulam,Municipal Corporation,INC,UDF,2323,2025,Councillor
C07003_26,C07003,Kochi,26,Elamakkara North,Beena Mahesh,Ernakulam,Municipal Corporation,CPI(M),LDF,1718,2025,Councillor
C07003_27,C07003,Kochi,27,Puthukkalavattam,Seena Teacher,Ernakulam,Municipal Corporation,INC,UDF,1886,2025,Councillor
C07003_28,C07003,Kochi,28,Kunnumpuram,Jagadambika,Ernakulam,Municipal Corporation,CPI(M),LDF,2190,2025,Councillor
C07003_29,C07003,Kochi,29,Ponekkara,Nimmy Mariyam,Ernakulam,Municipal Corporation,INC,UDF,1184,2025,Councillor
C07003_30,C07003,Kochi,30,Edappally,Abdul Latheef,Ernakulam,Municipal Corporation,INC,UDF,1961,2025,Councillor
C07003_31,C07003,Kochi,31,Changampuzha,Sini Anand,Ernakulam,Municipal Corporation,INC,UDF,1223,2025,Councillor
C07003_32,C07003,Kochi,32,Dhevankulangara,Vijayakumar,Ernakulam,Municipal Corporation,INC,UDF,1559,2025,Councillor
C07003_33,C07003,Kochi,33,Palarivattam,Minimol V K,Ernakulam,Municipal Corporation,INC,UDF,1389,2025,Mayor
C07003_34,C07003,Kochi,34,Stadium,Deepthi Mary Varghese,Ernakulam,Municipal Corporation,INC,UDF,2117,2025,Councillor
C07003_35,C07003,Kochi,35,Karanakkodam,Geli Robert,Ernakulam,Municipal Corporation,INC,UDF,1281,2025,Councillor
C07003_36,C07003,Kochi,36,Puthiyaroad,Molly Charly,Ernakulam,Municipal Corporation,INC,UDF,1845,2025,Councillor
C07003_37,C07003,Kochi,37,Padivattam,Shiby Soman,Ernakulam,Municipal Corporation,INC,UDF,2020,2025,Councillor
C07003_38,C07003,Kochi,38,Vennala,Sabu Koroth,Ernakulam,Municipal Corporation,INC,UDF,1579,2025,Councillor
C07003_39,C07003,Kochi,39,Chakkaraparambu,P M Naseema,Ernakulam,Municipal Corporation,INC,UDF,1791,2025,Councillor
C07003_40,C07003,Kochi,40,Chalikkavattam,Bindhu Viju,Ernakulam,Municipal Corporation,INC,UDF,2095,2025,Councillor
C07003_41,C07003,Kochi,41,Thammanam,Divya Rajesh,Ernakulam,Municipal Corporation,INC,UDF,2045,2025,Councillor
C07003_42,C07003,Kochi,42,Elamkulam,Nisha P D,Ernakulam,Municipal Corporation,INC,UDF,1921,2025,Councillor
C07003_43,C07003,Kochi,43,Girinagar,Martin,Ernakulam,Municipal Corporation,INC,UDF,1424,2025,Councillor
C07003_44,C07003,Kochi,44,Ponnurunni,M X Sebastian,Ernakulam,Municipal Corporation,INC,UDF,1949,2025,Councillor
C07003_45,C07003,Kochi,45,Ponnurunni East,Beena Divakaran,Ernakulam,Municipal Corporation,CPI(M),LDF,1327,2025,Councillor
C07003_46,C07003,Kochi,46,Vyttila,V P Chandran,Ernakulam,Municipal Corporation,IND,OTH,1587,2025,Councillor
C07003_47,C07003,Kochi,47,Poonithura,Xavier P Antony,Ernakulam,Municipal Corporation,INC,UDF,1442,2025,Councillor
C07003_48,C07003,Kochi,48,Vyttila Janatha,Anu K Thankachan,Ernakulam,Municipal Corporation,INC,UDF,2028,2025,Councillor
C07003_49,C07003,Kochi,49,Kadavanthra,Jisan George,Ernakulam,Municipal Corporation,KC,UDF,1950,2025,Councillor
C07003_50,C07003,Kochi,50,Panampilli Nagar,Antony Painoothara,Ernakulam,Municipal Corporation,INC,UDF,1948,2025,Councillor
C07003_51,C07003,Kochi,51,Perumanoor,K X Francis,Ernakulam,Municipal Corporation,INC,UDF,1889,2025,Councillor
C07003_52,C07003,Kochi,52,Konthuruthy,Abhishek K S,Ernakulam,Municipal Corporation,INC,UDF,1716,2025,Councillor
C07003_53,C07003,Kochi,53,Thevara,Elizabath Teacher,Ernakulam,Municipal Corporation,CPI(M),LDF,975,2025,Councillor
C07003_54,C07003,Kochi,54,Island South,Shakritha,Ernakulam,Municipal Corporation,INC,UDF,500,2025,Councillor
C07003_55,C07003,Kochi,55,Kadebhagam,Aswathy Joshy,Ernakulam,Municipal Corporation,CPI(M),LDF,2548,2025,Councillor
C07003_56,C07003,Kochi,56,Palluruthy East,N P Santhini,Ernakulam,Municipal Corporation,CPI(M),LDF,1339,2025,Councillor
C07003_57,C07003,Kochi,57,Thazhuppu,Sujatha Sabu,Ernakulam,Municipal Corporation,CPI(M),LDF,2678,2025,Councillor
C07003_58,C07003,Kochi,58,Eadakochi North,K J Baisil,Ernakulam,Municipal Corporation,CON(S),LDF,2198,2025,Councillor
C07003_59,C07003,Kochi,59,Edakochi South,Lasitha Peter,Ernakulam,Municipal Corporation,INC,UDF,1307,2025,Councillor
C07003_60,C07003,Kochi,60,Perumbadappu,Likhitha N.X.,Ernakulam,Municipal Corporation,CPI,LDF,1201,2025,Councillor
C07003_61,C07003,Kochi,61,Konam,C R Biju,Ernakulam,Municipal Corporation,CPI(M),LDF,1665,2025,Councillor
C07003_62,C07003,Kochi,62,Palluruthy-Kacheripady,V A Sreejith,Ernakulam,Municipal Corporation,CPI(M),LDF,2438,2025,Councillor
C07003_63,C07003,Kochi,63,Nambyapuram,Rashida Hussain,Ernakulam,Municipal Corporation,CPI(M),LDF,1409,2025,Councillor
C07003_64,C07003,Kochi,64,Palluruthy,Geetha Prabhakaran,Ernakulam,Municipal Corporation,INC,UDF,1561,2025,Councillor
C07003_65,C07003,Kochi,65,Pullardesam,Hema Teacher,Ernakulam,Municipal Corporation,CPI(M),LDF,1993,2025,Councillor
C07003_66,C07003,Kochi,66,Tharebhagam,Lavitha Nelson,Ernakulam,Municipal Corporation,CPI(M),LDF,1427,2025,Councillor
C07003_67,C07003,Kochi,67,Thoppumpady,Joseph  Sumeeth,Ernakulam,Municipal Corporation,INC,UDF,2175,2025,Councillor
C07003_68,C07003,Kochi,68,Mundamvely East,K J Prakashan,Ernakulam,Municipal Corporation,IND,OTH,383,2025,Councillor
C07003_69,C07003,Kochi,69,Mundamvely,Lisy Sumi,Ernakulam,Municipal Corporation,INC,UDF,1842,2025,Councillor
C07003_70,C07003,Kochi,70,Manassery,Nisha Joseph,Ernakulam,Municipal Corporation,CPI(M),LDF,1509,2025,Councillor
C07003_71,C07003,Kochi,71,Moolamkuzhy,Joseph Fernandez,Ernakulam,Municipal Corporation,CPI(M),LDF,1276,2025,Councillor
C07003_72,C07003,Kochi,72,Chullickal,Bastine Babu,Ernakulam,Municipal Corporation,IND,OTH,1405,2025,Councillor
C07003_73,C07003,Kochi,73,Nasrathu,Yesudas (P J Dasan),Ernakulam,Municipal Corporation,CPI(M),LDF,1738,2025,Councillor
C07003_74,C07003,Kochi,74,Panayappilly,Aswathy Gireesh,Ernakulam,Municipal Corporation,BJP,NDA,1202,2025,Councillor
C07003_75,C07003,Kochi,75,Amaravathy,Adv. Priya Prasanth,Ernakulam,Municipal Corporation,BJP,NDA,2097,2025,Councillor
C07003_76,C07003,Kochi,76,Fortkochi Veli,Manjula Anil Kumar,Ernakulam,Municipal Corporation,CPI(M),LDF,1722,2025,Councillor
C13006_1,C13006,Kannur,1,Palliyammoola,Deepa P,Kannur,Municipal Corporation,INC,UDF,1048,2025,Councillor
C13006_2,C13006,Kannur,2,Kunnavu,K Seetha,Kannur,Municipal Corporation,CPI(M),LDF,722,2025,Councillor
C13006_3,C13006,Kannur,3,Kokkenpara,P Mahesh,Kannur,Municipal Corporation,BJP,NDA,907,2025,Councillor
C13006_4,C13006,Kannur,4,Pallikkunnu,Deepthi Vinod,Kannur,Municipal Corporation,BJP,NDA,654,2025,Councillor
C13006_5,C13006,Kannur,5,Thalappu,T P Jamal,Kannur,Municipal Corporation,IUML,UDF,900,2025,Councillor
C13006_6,C13006,Kannur,6,Udayamkunnu,Anoop Balan,Kannur,Municipal Corporation,INC,UDF,924,2025,Councillor
C13006_7,C13006,Kannur,7,Podikundu,V  Purushothaman,Kannur,Municipal Corporation,CPI(M),LDF,1394,2025,Councillor
C13006_8,C13006,Kannur,8,Kottali,Ushakumari K,Kannur,Municipal Corporation,INC,UDF,783,2025,Councillor
C13006_9,C13006,Kannur,9,Athazhakunnu,Sreeja K,Kannur,Municipal Corporation,INC,UDF,1908,2025,Councillor
C13006_10,C13006,Kannur,10,Kakkadu,Shabeer Kunhippally,Kannur,Municipal Corporation,IUML,UDF,1709,2025,Councillor
C13006_11,C13006,Kannur,11,Thulicheri,Majesh A K,Kannur,Municipal Corporation,BJP,NDA,939,2025,Councillor
C13006_12,C13006,Kannur,12,Kakkadu North,Zubair Kichiri,Kannur,Municipal Corporation,IUML,UDF,1125,2025,Councillor
C13006_13,C13006,Kannur,13,Shadhulipalli,Muhammedali V K,Kannur,Municipal Corporation,IUML,UDF,1566,2025,Councillor
C13006_14,C13006,Kannur,14,Pallipram,Arshad A,Kannur,Municipal Corporation,IUML,UDF,1919,2025,Councillor
C13006_15,C13006,Kannur,15,Varam,K P Thahir,Kannur,Municipal Corporation,IUML,UDF,1120,2025,Deputy Mayor
C13006_16,C13006,Kannur,16,Valiyannoor,K  Suma,Kannur,Municipal Corporation,INC,UDF,1701,2025,Councillor
C13006_17,C13006,Kannur,17,Chelora,K  Saraswathi Teacher,Kannur,Municipal Corporation,CPI(M),LDF,1457,2025,Councillor
C13006_18,C13006,Kannur,18,Macheri,A  Prameela,Kannur,Municipal Corporation,INC,UDF,1528,2025,Councillor
C13006_19,C13006,Kannur,19,Pallipoyil,M  Rafeeq,Kannur,Municipal Corporation,INC,UDF,1414,2025,Councillor
C13006_20,C13006,Kannur,20,Kappadu,C C Gangadharan,Kannur,Municipal Corporation,CPI(M),LDF,1610,2025,Councillor
C13006_21,C13006,Kannur,21,Elayavoor North,Bismillabeevi,Kannur,Municipal Corporation,IUML,UDF,1526,2025,Councillor
C13006_22,C13006,Kannur,22,Elayavoor South,Vijina K K,Kannur,Municipal Corporation,CPI(M),LDF,1180,2025,Councillor
C13006_23,C13006,Kannur,23,Mundayadu,Sreeja Madathil,Kannur,Municipal Corporation,INC,UDF,767,2025,Councillor
C13006_24,C13006,Kannur,24,Edachovva,T Pradeep,Kannur,Municipal Corporation,INC,UDF,1206,2025,Councillor
C13006_25,C13006,Kannur,25,Athirakam,K T Murshid,Kannur,Municipal Corporation,IUML,UDF,1777,2025,Councillor
C13006_26,C13006,Kannur,26,Kappicheri,Nijesh O V,Kannur,Municipal Corporation,CPI(M),LDF,1167,2025,Councillor
C13006_27,C13006,Kannur,27,Mele Chovva,Dr.  K  C Valsala,Kannur,Municipal Corporation,CPI(M),LDF,703,2025,Councillor
C13006_28,C13006,Kannur,28,Thazhe Chovva,E Sunila,Kannur,Municipal Corporation,CPI(M),LDF,1192,2025,Councillor
C13006_29,C13006,Kannur,29,Kizhuthalli,Seena K.P.,Kannur,Municipal Corporation,INC,UDF,1266,2025,Councillor
C13006_30,C13006,Kannur,30,Thilanoor,V.K. Prakasini,Kannur,Municipal Corporation,CPI(M),LDF,1323,2025,Councillor
C13006_31,C13006,Kannur,31,Attadappa,M.Priya,Kannur,Municipal Corporation,CPI(M),LDF,1592,2025,Councillor
C13006_32,C13006,Kannur,32,Chala,P. K. Preetha,Kannur,Municipal Corporation,INC,UDF,1091,2025,Councillor
C13006_33,C13006,Kannur,33,Edakkadu,Prasand T.,Kannur,Municipal Corporation,CPI(M),LDF,1384,2025,Councillor
C13006_34,C13006,Kannur,34,Ezhara,Faslim T.P.,Kannur,Municipal Corporation,IUML,UDF,1636,2025,Councillor
C13006_35,C13006,Kannur,35,Alinkeel,Adv: Sona Jayaram,Kannur,Municipal Corporation,INC,UDF,1226,2025,Councillor
C13006_36,C13006,Kannur,36,Keezhunna,Sruthi K.P.,Kannur,Municipal Corporation,INC,UDF,1081,2025,Councillor
C13006_37,C13006,Kannur,37,Thottada,Sunila P.,Kannur,Municipal Corporation,CPI(M),LDF,1207,2025,Councillor
C13006_38,C13006,Kannur,38,Adikadalai,Rijil Chandran Makkutty,Kannur,Municipal Corporation,INC,UDF,1413,2025,Councillor
C13006_39,C13006,Kannur,39,Kanhira,Manjusha P.,Kannur,Municipal Corporation,CPI(M),LDF,964,2025,Councillor
C13006_40,C13006,Kannur,40,Kuruva,A. Mithran,Kannur,Municipal Corporation,INC,UDF,1386,2025,Councillor
C13006_41,C13006,Kannur,41,Padanna,Shameema Teacher,Kannur,Municipal Corporation,IUML,UDF,1642,2025,Councillor
C13006_42,C13006,Kannur,42,Vethilapalli,Muhammed Shibil K.K.,Kannur,Municipal Corporation,INC,UDF,1589,2025,Councillor
C13006_43,C13006,Kannur,43,Neerchal,Nisamy C.,Kannur,Municipal Corporation,IUML,UDF,1525,2025,Councillor
C13006_44,C13006,Kannur,44,Arakkal,Sameera K.,Kannur,Municipal Corporation,SDPI,OTH,1643,2025,Councillor
C13006_45,C13006,Kannur,45,Chovva,M.P.  Anilkumar,Kannur,Municipal Corporation,CPI(M),LDF,929,2025,Councillor
C13006_46,C13006,Kannur,46,Thana,Risham  Thana,Kannur,Municipal Corporation,IUML,UDF,1245,2025,Councillor
C13006_47,C13006,Kannur,47,South Bazaar,E.Beena,Kannur,Municipal Corporation,CPI(M),LDF,682,2025,Councillor
C13006_48,C13006,Kannur,48,Temple,Adv. Archana Vandichal,Kannur,Municipal Corporation,BJP,NDA,928,2025,Councillor
C13006_49,C13006,Kannur,49,Thayatheru,Adv. Lisha Deepak,Kannur,Municipal Corporation,INC,UDF,624,2025,Councillor
C13006_50,C13006,Kannur,50,Kasanakotta,Sahad Mankadavan,Kannur,Municipal Corporation,IUML,UDF,864,2025,Councillor
C13006_51,C13006,Kannur,51,Ayikkara,Sirajudheen  Mangadan,Kannur,Municipal Corporation,IUML,UDF,1207,2025,Councillor
C13006_52,C13006,Kannur,52,Kanathoor,Reshma  Vinod,Kannur,Municipal Corporation,INC,UDF,592,2025,Councillor
C13006_53,C13006,Kannur,53,Payyambalam,Adv. P. Indira,Kannur,Municipal Corporation,INC,UDF,345,2025,Mayor
C13006_54,C13006,Kannur,54,Thalikkavu,Ajith Parakkandy,Kannur,Municipal Corporation,INC,UDF,814,2025,Councillor
C13006_55,C13006,Kannur,55,Chalad,Rafna C. V.,Kannur,Municipal Corporation,IUML,UDF,1459,2025,Councillor
C13006_56,C13006,Kannur,56,Panjikkayil,Umesan Kaniyankandi,Kannur,Municipal Corporation,INC,UDF,1099,2025,Councillor
C02002_1,C02002,Kollam,1,Sakthikulangara Harbour,Xavier Mathias,Kollam,Municipal Corporation,INC,UDF,1880,2025,Councillor
C02002_2,C02002,Kollam,2,Sakthikulangara,Shiji,Kollam,Municipal Corporation,BJP,NDA,1385,2025,Councillor
C02002_3,C02002,Kollam,3,Meenathuchery,Deepu Gangandharan B,Kollam,Municipal Corporation,RSP,UDF,2166,2025,Councillor
C02002_4,C02002,Kollam,4,Kavanad,Radhika Saji,Kollam,Municipal Corporation,INC,UDF,1732,2025,Councillor
C02002_5,C02002,Kollam,5,Vallikeezhu,Vidya Manoj,Kollam,Municipal Corporation,CPI(M),LDF,1459,2025,Councillor
C02002_6,C02002,Kollam,6,Kureepuzha West,A M Mustafa,Kollam,Municipal Corporation,CPI(M),LDF,2291,2025,Councillor
C02002_7,C02002,Kollam,7,Kureepuzha,B Ajithkumar,Kollam,Municipal Corporation,INC,UDF,2284,2025,Councillor
C02002_8,C02002,Kollam,8,Neeravil,Mahesh.R,Kollam,Municipal Corporation,CPI(M),LDF,1751,2025,Councillor
C02002_9,C02002,Kollam,9,Anchalummoodu West,Reeja Sugunan,Kollam,Municipal Corporation,INC,UDF,1718,2025,Councillor
C02002_10,C02002,Kollam,10,Anchalummoodu East,Adv. M. S. Gopakumar,Kollam,Municipal Corporation,RSP,UDF,2357,2025,Councillor
C02002_11,C02002,Kollam,11,Kadavoor,Dhanya Raju,Kollam,Municipal Corporation,INC,UDF,1357,2025,Councillor
C02002_12,C02002,Kollam,12,Mathilil,B Prasanth,Kollam,Municipal Corporation,CPI(M),LDF,1614,2025,Councillor
C02002_13,C02002,Kollam,13,Thevally,B Shylaja,Kollam,Municipal Corporation,BJP,NDA,1587,2025,Councillor
C02002_14,C02002,Kollam,14,Vadakkumbhagam,Kuruvila Joseph,Kollam,Municipal Corporation,INC,UDF,1619,2025,Councillor
C02002_15,C02002,Kollam,15,Asramam,Suresh Kumar C,Kollam,Municipal Corporation,BJP,NDA,1550,2025,Councillor
C02002_16,C02002,Kollam,16,Uliyakovil,Sandhya Sajeev,Kollam,Municipal Corporation,BJP,NDA,1772,2025,Councillor
C02002_17,C02002,Kollam,17,Uliyakovil East,Abhilash T R,Kollam,Municipal Corporation,BJP,NDA,1629,2025,Councillor
C02002_18,C02002,Kollam,18,Kadappakada,Prabheen Kumar A,Kollam,Municipal Corporation,BJP,NDA,1103,2025,Councillor
C02002_19,C02002,Kollam,19,Koyikkal,A M Rafi,Kollam,Municipal Corporation,CPI(M),LDF,1153,2025,Councillor
C02002_20,C02002,Kollam,20,Kallumthazham,Moncy Das,Kollam,Municipal Corporation,BJP,NDA,1042,2025,Councillor
C02002_21,C02002,Kollam,21,Mangadu,Ajeena Prasanth,Kollam,Municipal Corporation,CPI,LDF,1198,2025,Councillor
C02002_22,C02002,Kollam,22,Arunnoottimangalam,T G Gireesh,Kollam,Municipal Corporation,BJP,NDA,2036,2025,Councillor
C02002_23,C02002,Kollam,23,Chathinamkulam,A. Nissar,Kollam,Municipal Corporation,SDPI,OTH,1690,2025,Councillor
C02002_24,C02002,Kollam,24,Karikode,C Babu,Kollam,Municipal Corporation,CPI(M),LDF,2006,2025,Councillor
C02002_25,C02002,Kollam,25,College Division,P K Anil Kumar,Kollam,Municipal Corporation,INC,UDF,1781,2025,Councillor
C02002_26,C02002,Kollam,26,Palkulangara,Babu G,Kollam,Municipal Corporation,CPI(M),LDF,1431,2025,Councillor
C02002_27,C02002,Kollam,27,Ammannada,Nirmala,Kollam,Municipal Corporation,CPI(M),LDF,1489,2025,Councillor
C02002_28,C02002,Kollam,28,Vadakkevila,Krishna Kumar D,Kollam,Municipal Corporation,INC,UDF,1808,2025,Councillor
C02002_29,C02002,Kollam,29,Pallimukku,Shyma,Kollam,Municipal Corporation,RSP,UDF,1632,2025,Councillor
C02002_30,C02002,Kollam,30,Ayathil,Jariyath,Kollam,Municipal Corporation,CPI(M),LDF,1467,2025,Councillor
C02002_31,C02002,Kollam,31,Kilikolloor,T. Lailakumary,Kollam,Municipal Corporation,INC,UDF,1998,2025,Councillor
C02002_32,C02002,Kollam,32,Punthalathazham,P. Rajendran Pillai,Kollam,Municipal Corporation,INC,UDF,1342,2025,Councillor
C02002_33,C02002,Kollam,33,Palathara,R. Destimona,Kollam,Municipal Corporation,BJP,NDA,1480,2025,Councillor
C02002_34,C02002,Kollam,34,Manacadu,Sadackath. A,Kollam,Municipal Corporation,IUML,UDF,2420,2025,Councillor
C02002_35,C02002,Kollam,35,Kolloorvila,Mashhoor Pallimukku,Kollam,Municipal Corporation,INC,UDF,1835,2025,Councillor
C02002_36,C02002,Kollam,36,Kayyalakkal,Majida Wahab,Kollam,Municipal Corporation,IUML,UDF,2588,2025,Councillor
C02002_37,C02002,Kollam,37,Valathungal,Suja,Kollam,Municipal Corporation,CPI,LDF,1815,2025,Councillor
C02002_38,C02002,Kollam,38,Akkolil,A. K. Assain,Kollam,Municipal Corporation,INC,UDF,1414,2025,Councillor
C02002_39,C02002,Kollam,39,Thekkumbhagam,Izabella. J,Kollam,Municipal Corporation,INC,UDF,1760,2025,Councillor
C02002_40,C02002,Kollam,40,Eravipuaram,Nisha Santhosh,Kollam,Municipal Corporation,CPI(M),LDF,1195,2025,Councillor
C02002_41,C02002,Kollam,41,Bharanikkavu,Lakshmi Shaji,Kollam,Municipal Corporation,CPI(M),LDF,1125,2025,Councillor
C02002_42,C02002,Kollam,42,Thekkevila,Deepika Pramoj,Kollam,Municipal Corporation,BJP,NDA,1460,2025,Councillor
C02002_43,C02002,Kollam,43,Mundakkal,Jayalekshmi. J,Kollam,Municipal Corporation,INC,UDF,1870,2025,Councillor
C02002_44,C02002,Kollam,44,Pattathanam,Adv. J. Saiju,Kollam,Municipal Corporation,CPI,LDF,896,2025,Councillor
C02002_45,C02002,Kollam,45,Contonment,Shyny. T,Kollam,Municipal Corporation,INC,UDF,1683,2025,Councillor
C02002_46,C02002,Kollam,46,Udayamarthandapuaram,Dhanya. S,Kollam,Municipal Corporation,INC,UDF,1860,2025,Councillor
C02002_47,C02002,Kollam,47,Thamarakulam,A. K. Hafees,Kollam,Municipal Corporation,INC,UDF,1275,2025,Mayor
C02002_48,C02002,Kollam,48,Port,Vincy Baiju,Kollam,Municipal Corporation,INC,UDF,2738,2025,Councillor
C02002_49,C02002,Kollam,49,Kaikulangara,Preetha. J,Kollam,Municipal Corporation,INC,UDF,1939,2025,Councillor
C02002_50,C02002,Kollam,50,Cutchery,Sasikalaravu,Kollam,Municipal Corporation,BJP,NDA,1466,2025,Councillor
C02002_51,C02002,Kollam,51,Thangassery,Dr. Udaya Sukumaran,Kollam,Municipal Corporation,INC,UDF,1933,2025,Deputy Mayor
C02002_52,C02002,Kollam,52,Thirumullavaram,Udaya Thulaseedharan,Kollam,Municipal Corporation,INC,UDF,1175,2025,Councillor
C02002_53,C02002,Kollam,53,Mulankadakam,Renjith Kalunkummugham,Kollam,Municipal Corporation,INC,UDF,1220,2025,Councillor
C02002_54,C02002,Kollam,54,Alattukavu,Rajasree. M,Kollam,Municipal Corporation,CPI(M),LDF,1195,2025,Councillor
C02002_55,C02002,Kollam,55,Kannimel West,Ajith Chozhathil,Kollam,Municipal Corporation,BJP,NDA,1160,2025,Councillor
C02002_56,C02002,Kollam,56,Kannimel,P. J. Rajendran,Kollam,Municipal Corporation,CPI(M),LDF,1492,2025,Councillor
C11005_1,C11005,Kozhikkode,1,Elathur,Latha Kalankoli,Kozhikkode,Municipal Corporation,INC,UDF,2308,2025,Councillor
C11005_2,C11005,Kozhikkode,2,Chettikulam,E. Sunilkumar,Kozhikkode,Municipal Corporation,CPI(M),LDF,2049,2025,Councillor
C11005_3,C11005,Kozhikkode,3,Eranhikkal,V.P. Manoj,Kozhikkode,Municipal Corporation,CPI(M),LDF,1988,2025,Councillor
C11005_4,C11005,Kozhikkode,4,Puthur,Amira Siraj,Kozhikkode,Municipal Corporation,CPI(M),LDF,1943,2025,Councillor
C11005_5,C11005,Kozhikkode,5,Mokavur,S.M.Thushara,Kozhikkode,Municipal Corporation,NCPSCP,LDF,1807,2025,Councillor
C11005_6,C11005,Kozhikkode,6,Kundooparamb,Shimjith T.S.,Kozhikkode,Municipal Corporation,CPI(M),LDF,2379,2025,Councillor
C11005_7,C11005,Kozhikkode,7,Karuvissery,M.M. Latha,Kozhikkode,Municipal Corporation,CPI(M),LDF,2223,2025,Councillor
C11005_8,C11005,Kozhikkode,8,Malapparamb,K C Shobitha,Kozhikkode,Municipal Corporation,INC,UDF,1844,2025,Councillor
C11005_9,C11005,Kozhikkode,9,Thadambattu Thazham,Othayamangalath Sadasivan,Kozhikkode,Municipal Corporation,CPI(M),LDF,1837,2025,Mayor
C11005_10,C11005,Kozhikkode,10,Vengeri,Rajani U.,Kozhikkode,Municipal Corporation,CPI(M),LDF,2140,2025,Councillor
C11005_11,C11005,Kozhikkode,11,Poolakkadavu,Bijulal P.,Kozhikkode,Municipal Corporation,CPI(M),LDF,2279,2025,Councillor
C11005_12,C11005,Kozhikkode,12,Paroppadi,Hareesh Pottangadi,Kozhikkode,Municipal Corporation,BJP,NDA,1548,2025,Councillor
C11005_13,C11005,Kozhikkode,13,Civil Station,Vineetha Sajeev,Kozhikkode,Municipal Corporation,BJP,NDA,1444,2025,Councillor
C11005_14,C11005,Kozhikkode,14,Chevarambalam,Saritha Parayeri,Kozhikkode,Municipal Corporation,BJP,NDA,2144,2025,Councillor
C11005_15,C11005,Kozhikkode,15,Vellimadukunnu,Swapna Manoj,Kozhikkode,Municipal Corporation,INC,UDF,1784,2025,Councillor
C11005_16,C11005,Kozhikkode,16,Moozhikkal,Sajitha Gafoor,Kozhikkode,Municipal Corporation,IUML,UDF,2186,2025,Councillor
C11005_17,C11005,Kozhikkode,17,Chelavoor,P.Ushadevi,Kozhikkode,Municipal Corporation,CPI(M),LDF,1557,2025,Councillor
C11005_18,C11005,Kozhikkode,18,Mayanad,Sidhiq Mayanad,Kozhikkode,Municipal Corporation,IUML,UDF,2074,2025,Councillor
C11005_19,C11005,Kozhikkode,19,Medical College South,Kavitha C,Kozhikkode,Municipal Corporation,CPI(M),LDF,1316,2025,Councillor
C11005_20,C11005,Kozhikkode,20,Medical College,Sheethu Shivesh,Kozhikkode,Municipal Corporation,CPI(M),LDF,1613,2025,Councillor
C11005_21,C11005,Kozhikkode,21,Chevayur,Viswanathan Puthushery,Kozhikkode,Municipal Corporation,INC,UDF,1530,2025,Councillor
C11005_22,C11005,Kozhikkode,22,Kovoor,Jiji Rameshan,Kozhikkode,Municipal Corporation,CPI(M),LDF,1725,2025,Councillor
C11005_23,C11005,Kozhikkode,23,Nellikkode,P. K. Jijeesh,Kozhikkode,Municipal Corporation,CPI(M),LDF,1395,2025,Councillor
C11005_24,C11005,Kozhikkode,24,Kudilthodu,N Sanoop,Kozhikkode,Municipal Corporation,CPI(M),LDF,1984,2025,Councillor
C11005_25,C11005,Kozhikkode,25,Kottooli,Dr. S. Jayasree,Kozhikkode,Municipal Corporation,CPI(M),LDF,1602,2025,Deputy Mayor
C11005_26,C11005,Kozhikkode,26,Parayancheri,Prabitha Rajeev,Kozhikkode,Municipal Corporation,CPI(M),LDF,1514,2025,Councillor
C11005_27,C11005,Kozhikkode,27,Puthiyara,Bindhu Udayakumar,Kozhikkode,Municipal Corporation,BJP,NDA,952,2025,Councillor
C11005_28,C11005,Kozhikkode,28,Kuthiravattam,Indira Krishnan,Kozhikkode,Municipal Corporation,BJP,NDA,2240,2025,Councillor
C11005_29,C11005,Kozhikkode,29,Pottammal,T Raneesh,Kozhikkode,Municipal Corporation,BJP,NDA,1425,2025,Councillor
C11005_30,C11005,Kozhikkode,30,Kommeri,Kavitha Arun,Kozhikkode,Municipal Corporation,IND,OTH,2822,2025,Councillor
C11005_31,C11005,Kozhikkode,31,Kuttiyil Thazham,Sujatha Koodathingal,Kozhikkode,Municipal Corporation,CPI(M),LDF,1292,2025,Councillor
C11005_32,C11005,Kozhikkode,32,Methottu Thazham,M P Vineetha,Kozhikkode,Municipal Corporation,CPI(M),LDF,1387,2025,Councillor
C11005_33,C11005,Kozhikkode,33,Pokkunnu,N M Shimna,Kozhikkode,Municipal Corporation,CPI(M),LDF,2294,2025,Councillor
C11005_34,C11005,Kozhikkode,34,Kinassery,Sakkeer Kinassery,Kozhikkode,Municipal Corporation,IUML,UDF,3665,2025,Councillor
C11005_35,C11005,Kozhikkode,35,Mankavu,Manakkal Sasi,Kozhikkode,Municipal Corporation,INC,UDF,2260,2025,Councillor
C11005_36,C11005,Kozhikkode,36,Aychavattam,Shafareena Abid,Kozhikkode,Municipal Corporation,INC,UDF,1997,2025,Councillor
C11005_37,C11005,Kozhikkode,37,Kallai,Kalakandi Baiju,Kozhikkode,Municipal Corporation,INC,UDF,2058,2025,Councillor
C11005_38,C11005,Kozhikkode,38,Panniyankara,Nambidi Narayanan,Kozhikkode,Municipal Corporation,BJP,NDA,1905,2025,Councillor
C11005_39,C11005,Kozhikkode,39,Meenchantha,S K Aboobakkar,Kozhikkode,Municipal Corporation,INC,UDF,2432,2025,Councillor
C11005_40,C11005,Kozhikkode,40,Thiruvannur,Aayishabi Pandikasala,Kozhikkode,Municipal Corporation,IUML,UDF,2227,2025,Councillor
C11005_41,C11005,Kozhikkode,41,Areekkad North,Mullaveetil Jahish,Kozhikkode,Municipal Corporation,INC,UDF,2097,2025,Councillor
C11005_42,C11005,Kozhikkode,42,Areekkad,S V Sayyed Mohammed Shameel,Kozhikkode,Municipal Corporation,IND,OTH,2135,2025,Councillor
C11005_43,C11005,Kozhikkode,43,Nallalam,V P Ibrahim,Kozhikkode,Municipal Corporation,IUML,UDF,2827,2025,Councillor
C11005_44,C11005,Kozhikkode,44,Kolathara,Adam Malik,Kozhikkode,Municipal Corporation,CPI(M),LDF,3056,2025,Councillor
C11005_45,C11005,Kozhikkode,45,Kundayithode,M P Muneer,Kozhikkode,Municipal Corporation,IUML,UDF,2021,2025,Councillor
C11005_46,C11005,Kozhikkode,46,Cheruvannur East,C Sandesh,Kozhikkode,Municipal Corporation,CPI(M),LDF,2619,2025,Councillor
C11005_47,C11005,Kozhikkode,47,Cheruvannur West,Shaharban M P,Kozhikkode,Municipal Corporation,CPI(M),LDF,1789,2025,Councillor
C11005_48,C11005,Kozhikkode,48,Beypur Port,K Rajeev,Kozhikkode,Municipal Corporation,CPI(M),LDF,2188,2025,Councillor
C11005_49,C11005,Kozhikkode,49,Beypur,Shinu Pinnanath,Kozhikkode,Municipal Corporation,BJP,NDA,2520,2025,Councillor
C11005_50,C11005,Kozhikkode,50,Maradu,Nimmi Prasanth,Kozhikkode,Municipal Corporation,CPI(M),LDF,3461,2025,Councillor
C11005_51,C11005,Kozhikkode,51,Naduvattam,Kollarath Suresan,Kozhikkode,Municipal Corporation,CPI(M),LDF,1976,2025,Councillor
C11005_52,C11005,Kozhikkode,52,Naduvattam East,Thasleena K P,Kozhikkode,Municipal Corporation,CPI(M),LDF,2227,2025,Councillor
C11005_53,C11005,Kozhikkode,53,Arakkinar,Beerankoya P P,Kozhikkode,Municipal Corporation,CPI(M),LDF,2465,2025,Councillor
C11005_54,C11005,Kozhikkode,54,Mathottam,Anitha Kumari E,Kozhikkode,Municipal Corporation,CPI(M),LDF,2420,2025,Councillor
C11005_55,C11005,Kozhikkode,55,Payyanakkal,Saibunneesa,Kozhikkode,Municipal Corporation,IUML,UDF,1695,2025,Councillor
C11005_56,C11005,Kozhikkode,56,Nadi Nagar,Fasna Shamsudheen,Kozhikkode,Municipal Corporation,IUML,UDF,2223,2025,Councillor
C11005_57,C11005,Kozhikkode,57,Chakkumkadavu,Smitha Shalji,Kozhikkode,Municipal Corporation,INC,UDF,2429,2025,Councillor
C11005_58,C11005,Kozhikkode,58,Mukhadar,T P M Jishan,Kozhikkode,Municipal Corporation,IUML,UDF,5565,2025,Councillor
C11005_59,C11005,Kozhikkode,59,Kuttichira,Adv. Fathima Thahliya,Kozhikkode,Municipal Corporation,IUML,UDF,3740,2025,Councillor
C11005_60,C11005,Kozhikkode,60,Chalappuram,Anilkumar K P,Kozhikkode,Municipal Corporation,BJP,NDA,734,2025,Councillor
C11005_61,C11005,Kozhikkode,61,Palayam,Adv. Sara Jafar,Kozhikkode,Municipal Corporation,CPI,LDF,1273,2025,Councillor
C11005_62,C11005,Kozhikkode,62,Mavoor Road,Sreeja C Nair,Kozhikkode,Municipal Corporation,BJP,NDA,733,2025,Councillor
C11005_63,C11005,Kozhikkode,63,Moonnalingal,Safari Vellayil,Kozhikkode,Municipal Corporation,IUML,UDF,1351,2025,Councillor
C11005_64,C11005,Kozhikkode,64,Thiruthiyad,Jisha Sabareesh,Kozhikkode,Municipal Corporation,BJP,NDA,1171,2025,Councillor
C11005_65,C11005,Kozhikkode,65,Eranhippalam,Abdul Salim,Kozhikkode,Municipal Corporation,INC,UDF,997,2025,Councillor
C11005_66,C11005,Kozhikkode,66,Nadakkavu,Agnivesh S Cheroth,Kozhikkode,Municipal Corporation,INC,UDF,860,2025,Councillor
C11005_67,C11005,Kozhikkode,67,Vellayil,Soufiya,Kozhikkode,Municipal Corporation,IUML,UDF,2183,2025,Councillor
C11005_68,C11005,Kozhikkode,68,Thoppayil,Laila Baiju,Kozhikkode,Municipal Corporation,CPI(M),LDF,2354,2025,Councillor
C11005_69,C11005,Kozhikkode,69,Chakkarothukulam,N Sivaprasad,Kozhikkode,Municipal Corporation,BJP,NDA,1463,2025,Councillor
C11005_70,C11005,Kozhikkode,70,Karapparamb,Navya Haridas,Kozhikkode,Municipal Corporation,BJP,NDA,1197,2025,Councillor
C11005_71,C11005,Kozhikkode,71,East Hill,Sreeja Suresh,Kozhikkode,Municipal Corporation,INC,UDF,1209,2025,Councillor
C11005_72,C11005,Kozhikkode,72,Athanikkal,Ashika Teacher,Kozhikkode,Municipal Corporation,CPI,LDF,1427,2025,Councillor
C11005_73,C11005,Kozhikkode,73,Westhill,K Saritha,Kozhikkode,Municipal Corporation,INC,UDF,1896,2025,Councillor
C11005_74,C11005,Kozhikkode,74,Edakkad,Shaini,Kozhikkode,Municipal Corporation,CPI(M),LDF,2208,2025,Councillor
C11005_75,C11005,Kozhikkode,75,Puthiyangadi,P Praseena,Kozhikkode,Municipal Corporation,CPI(M),LDF,1932,2025,Councillor
C11005_76,C11005,Kozhikkode,76,Puthiyappa,Nishitha Sivan,Kozhikkode,Municipal Corporation,CPI(M),LDF,2922,2025,Councillor
C01001_1,C01001,Thiruvananthapuram,1,Kazhakkuttom,Prasanth. S,Thiruvananthapuram,Municipal Corporation,CPI(M),LDF,2396,2025,Councillor
C01001_2,C01001,Thiruvananthapuram,2,Sainika School,V Sudevan Nair,Thiruvananthapuram,Municipal Corporation,BJP,NDA,1567,2025,Councillor
C01001_3,C01001,Thiruvananthapuram,3,Chanthavila,Anu G Prabha,Thiruvananthapuram,Municipal Corporation,BJP,NDA,1319,2025,Councillor
C01001_4,C01001,Thiruvananthapuram,4,Kattaikonam,Sindhu Sasi,Thiruvananthapuram,Municipal Corporation,CPI(M),LDF,2590,2025,Councillor
C01001_5,C01001,Thiruvananthapuram,5,Njandoorkonam,A Pradeep Kumar (Karnan),Thiruvananthapuram,Municipal Corporation,BJP,NDA,2318,2025,Councillor
C01001_6,C01001,Thiruvananthapuram,6,Powdikonam,Deepuraj,Thiruvananthapuram,Municipal Corporation,BJP,NDA,1897,2025,Councillor
C01001_7,C01001,Thiruvananthapuram,7,Chenkottukonam,Archana Manikandan,Thiruvananthapuram,Municipal Corporation,BJP,NDA,1957,2025,Councillor
C01001_8,C01001,Thiruvananthapuram,8,Chempazhanthy,Shailaja,Thiruvananthapuram,Municipal Corporation,INC,UDF,1551,2025,Councillor
C01001_9,C01001,Thiruvananthapuram,9,Kariavattom,S S Sandhyarani,Thiruvananthapuram,Municipal Corporation,BJP,NDA,1475,2025,Councillor
C01001_10,C01001,Thiruvananthapuram,10,Pangappara,Deepa Suresh,Thiruvananthapuram,Municipal Corporation,CPI(M),LDF,759,2025,Councillor
C01001_11,C01001,Thiruvananthapuram,11,Sreekariyam,Bindu V S,Thiruvananthapuram,Municipal Corporation,INC,UDF,1491,2025,Councillor
C01001_12,C01001,Thiruvananthapuram,12,Chellamangalam,Arun Vattavila,Thiruvananthapuram,Municipal Corporation,CPI(M),LDF,2590,2025,Councillor
C01001_13,C01001,Thiruvananthapuram,13,Mannanthala,Chempazhanthi Udayan,Thiruvananthapuram,Municipal Corporation,BJP,NDA,1516,2025,Councillor
C01001_14,C01001,Thiruvananthapuram,14,Pathirapalli,B  Ajayakumar,Thiruvananthapuram,Municipal Corporation,CPI(M),LDF,1746,2025,Councillor
C01001_15,C01001,Thiruvananthapuram,15,Ambalamukku,Kumari Jayandi R  C,Thiruvananthapuram,Municipal Corporation,BJP,NDA,1968,2025,Councillor
C01001_16,C01001,Thiruvananthapuram,16,Kudappanakunnu,Anitha S,Thiruvananthapuram,Municipal Corporation,INC,UDF,2046,2025,Councillor
C01001_17,C01001,Thiruvananthapuram,17,Thuruthummoola,V Vijayakumar,Thiruvananthapuram,Municipal Corporation,BJP,NDA,2791,2025,Councillor
C01001_18,C01001,Thiruvananthapuram,18,Nettayam,Yamuna R S,Thiruvananthapuram,Municipal Corporation,BJP,NDA,2504,2025,Councillor
C01001_19,C01001,Thiruvananthapuram,19,Kachani,Aromal K.G,Thiruvananthapuram,Municipal Corporation,CPI(M),LDF,1822,2025,Councillor
C01001_20,C01001,Thiruvananthapuram,20,Vazhottukonam,Sugathan R,Thiruvananthapuram,Municipal Corporation,BJP,NDA,1939,2025,Councillor
C01001_21,C01001,Thiruvananthapuram,21,Kodunganoor,Adv V.V.Rajesh,Thiruvananthapuram,Municipal Corporation,BJP,NDA,2593,2025,Mayor
C01001_22,C01001,Thiruvananthapuram,22,Vattiyoorkavu,Adv. Nanda Bhargav,Thiruvananthapuram,Municipal Corporation,BJP,NDA,2374,2025,Councillor
C01001_23,C01001,Thiruvananthapuram,23,Kanjirampara,Sumi Balu,Thiruvananthapuram,Municipal Corporation,BJP,NDA,2138,2025,Councillor
C01001_24,C01001,Thiruvananthapuram,24,Peroorkada,Vineeth V G,Thiruvananthapuram,Municipal Corporation,CPI(M),LDF,1587,2025,Councillor
C01001_25,C01001,Thiruvananthapuram,25,Kowdiar,Adv. K. S. Sabarinadhan,Thiruvananthapuram,Municipal Corporation,INC,UDF,1235,2025,Councillor
C01001_26,C01001,Thiruvananthapuram,26,Kuravankonam,Maya R S,Thiruvananthapuram,Municipal Corporation,RSP,UDF,1323,2025,Councillor
C01001_27,C01001,Thiruvananthapuram,27,Muttada,Vyshna Suresh,Thiruvananthapuram,Municipal Corporation,INC,UDF,1607,2025,Councillor
C01001_28,C01001,Thiruvananthapuram,28,Chettivilakam,R Dinesh Kumar,Thiruvananthapuram,Municipal Corporation,BJP,NDA,1029,2025,Councillor
C01001_29,C01001,Thiruvananthapuram,29,Kinavoor,B. Subash,Thiruvananthapuram,Municipal Corporation,INC,UDF,2761,2025,Councillor
C01001_30,C01001,Thiruvananthapuram,30,Nalanchira,Thresiama Teacher,Thiruvananthapuram,Municipal Corporation,INC,UDF,2120,2025,Councillor
C01001_31,C01001,Thiruvananthapuram,31,Edavacode,Swathy S Kumar,Thiruvananthapuram,Municipal Corporation,BJP,NDA,1889,2025,Councillor
C01001_32,C01001,Thiruvananthapuram,32,Ulloor,Liju. S.,Thiruvananthapuram,Municipal Corporation,CPI(M),LDF,1198,2025,Councillor
C01001_33,C01001,Thiruvananthapuram,33,Medical College,S. S. Sindhu,Thiruvananthapuram,Municipal Corporation,CPI(M),LDF,1371,2025,Councillor
C01001_34,C01001,Thiruvananthapuram,34,Pattom,Reshma C,Thiruvananthapuram,Municipal Corporation,INC,UDF,1308,2025,Councillor
C01001_35,C01001,Thiruvananthapuram,35,Kesavadasapuram,Anitha Alex,Thiruvananthapuram,Municipal Corporation,INC,UDF,1365,2025,Councillor
C01001_36,C01001,Thiruvananthapuram,36,Gowreeshapattom,Parvathy,Thiruvananthapuram,Municipal Corporation,CPI(M),LDF,1853,2025,Councillor
C01001_37,C01001,Thiruvananthapuram,37,Kunnukuzhy,Mary Pushpam. A,Thiruvananthapuram,Municipal Corporation,INC,UDF,2255,2025,Councillor
C01001_38,C01001,Thiruvananthapuram,38,Nanthancode,K. R. Cleetus,Thiruvananthapuram,Municipal Corporation,INC,UDF,1457,2025,Councillor
C01001_39,C01001,Thiruvananthapuram,39,Palayam,Sherly. S,Thiruvananthapuram,Municipal Corporation,INC,UDF,1231,2025,Councillor
C01001_40,C01001,Thiruvananthapuram,40,Vazhuthacaud,Rakhi Ravikumar,Thiruvananthapuram,Municipal Corporation,CPI,LDF,1464,2025,Councillor
C01001_41,C01001,Thiruvananthapuram,41,Sasthamangalam,R. Sreelekha,Thiruvananthapuram,Municipal Corporation,BJP,NDA,1774,2025,Councillor
C01001_42,C01001,Thiruvananthapuram,42,Pangode,Vishnu Mohan. M,Thiruvananthapuram,Municipal Corporation,BJP,NDA,2931,2025,Councillor
C01001_43,C01001,Thiruvananthapuram,43,Thirumala,P. S. Devima,Thiruvananthapuram,Municipal Corporation,BJP,NDA,2551,2025,Councillor
C01001_44,C01001,Thiruvananthapuram,44,Valiyavila,V. G. Girikumar,Thiruvananthapuram,Municipal Corporation,BJP,NDA,2457,2025,Councillor
C01001_45,C01001,Thiruvananthapuram,45,Thrikkannapuram,Ajin. S. L,Thiruvananthapuram,Municipal Corporation,CPI(M),LDF,2361,2025,Councillor
C01001_46,C01001,Thiruvananthapuram,46,Punnakkamugal,Sivaji R. P.,Thiruvananthapuram,Municipal Corporation,CPI(M),LDF,2325,2025,Councillor
C01001_47,C01001,Thiruvananthapuram,47,Poojappura,Rajalakshmi. T.,Thiruvananthapuram,Municipal Corporation,BJP,NDA,2306,2025,Councillor
C01001_48,C01001,Thiruvananthapuram,48,Jagathy,P. T. Madhu,Thiruvananthapuram,Municipal Corporation,BJP,NDA,1622,2025,Councillor
C01001_49,C01001,Thiruvananthapuram,49,Thycaud,G. Venugopal,Thiruvananthapuram,Municipal Corporation,CPI(M),LDF,1446,2025,Councillor
C01001_50,C01001,Thiruvananthapuram,50,Valiyasala,Soorya. V S,Thiruvananthapuram,Municipal Corporation,BJP,NDA,2096,2025,Councillor
C01001_51,C01001,Thiruvananthapuram,51,Arannoor,Renjith. T. K,Thiruvananthapuram,Municipal Corporation,CPI(M),LDF,2366,2025,Councillor
C01001_52,C01001,Thiruvananthapuram,52,Mudavanmugal,V Gopakumar,Thiruvananthapuram,Municipal Corporation,CPI(M),LDF,3930,2025,Councillor
C01001_53,C01001,Thiruvananthapuram,53,Estate,R .Abhilash,Thiruvananthapuram,Municipal Corporation,BJP,NDA,2339,2025,Councillor
C01001_54,C01001,Thiruvananthapuram,54,Nemom,M R Gopakumar,Thiruvananthapuram,Municipal Corporation,BJP,NDA,2207,2025,Councillor
C01001_55,C01001,Thiruvananthapuram,55,Ponnumangalam,Sreedevi S K,Thiruvananthapuram,Municipal Corporation,BJP,NDA,2187,2025,Councillor
C01001_56,C01001,Thiruvananthapuram,56,Melamcode,Sanilkumar. R,Thiruvananthapuram,Municipal Corporation,BJP,NDA,2444,2025,Councillor
C01001_57,C01001,Thiruvananthapuram,57,Pappanamcode,Harikumar A,Thiruvananthapuram,Municipal Corporation,BJP,NDA,2540,2025,Councillor
C01001_58,C01001,Thiruvananthapuram,58,Karamana,V. Ajithkumar,Thiruvananthapuram,Municipal Corporation,BJP,NDA,3458,2025,Councillor
C01001_59,C01001,Thiruvananthapuram,59,Nedumcaud,Beena R C,Thiruvananthapuram,Municipal Corporation,BJP,NDA,2745,2025,Councillor
C01001_60,C01001,Thiruvananthapuram,60,Kaladi,Manju G S,Thiruvananthapuram,Municipal Corporation,BJP,NDA,2535,2025,Councillor
C01001_61,C01001,Thiruvananthapuram,61,Karumom,Ashanath G S,Thiruvananthapuram,Municipal Corporation,BJP,NDA,2600,2025,Deputy Mayor
C01001_62,C01001,Thiruvananthapuram,62,Punchakkari,Shailajadevi C,Thiruvananthapuram,Municipal Corporation,CPI(M),LDF,1662,2025,Councillor
C01001_63,C01001,Thiruvananthapuram,63,Poonkulam,Ratheesh Kumar K,Thiruvananthapuram,Municipal Corporation,BJP,NDA,2451,2025,Councillor
C01001_64,C01001,Thiruvananthapuram,64,Venganoor,Lathika Kumari S,Thiruvananthapuram,Municipal Corporation,INC,UDF,1192,2025,Councillor
C01001_65,C01001,Thiruvananthapuram,65,Port Ward,Paniyadima,Thiruvananthapuram,Municipal Corporation,CPI,LDF,4032,2025,Councillor
C01001_66,C01001,Thiruvananthapuram,66,Vizhinjam,Sudheer Khan,Thiruvananthapuram,Municipal Corporation,NA,UDF,2902,2026,Councillor
C01001_67,C01001,Thiruvananthapuram,67,Harbour,Afsa S,Thiruvananthapuram,Municipal Corporation,CPI(M),LDF,1828,2025,Councillor
C01001_68,C01001,Thiruvananthapuram,68,Vellar,Sathyavathi V,Thiruvananthapuram,Municipal Corporation,BJP,NDA,2062,2025,Councillor
C01001_69,C01001,Thiruvananthapuram,69,Thiruvallam,S. Gopakumar,Thiruvananthapuram,Municipal Corporation,BJP,NDA,1751,2025,Councillor
C01001_70,C01001,Thiruvananthapuram,70,Poonthura,Sruthimol X,Thiruvananthapuram,Municipal Corporation,INC,UDF,4585,2025,Councillor
C01001_71,C01001,Thiruvananthapuram,71,Puthenppalli,Shamna Beevi,Thiruvananthapuram,Municipal Corporation,IUML,UDF,2256,2025,Councillor
C01001_72,C01001,Thiruvananthapuram,72,Ambalathara,Simirani,Thiruvananthapuram,Municipal Corporation,BJP,NDA,1685,2025,Councillor
C01001_73,C01001,Thiruvananthapuram,73,Attukal,Sruthi S S,Thiruvananthapuram,Municipal Corporation,BJP,NDA,2489,2025,Councillor
C01001_74,C01001,Thiruvananthapuram,74,Kalippankulam,Rasiya Beegam,Thiruvananthapuram,Municipal Corporation,CPI(M),LDF,2165,2025,Councillor
C01001_75,C01001,Thiruvananthapuram,75,Kamaleswaram,V Giri,Thiruvananthapuram,Municipal Corporation,BJP,NDA,2248,2025,Councillor
C01001_76,C01001,Thiruvananthapuram,76,Beemapalli,Sajeena Beevi E,Thiruvananthapuram,Municipal Corporation,IUML,UDF,5226,2025,Councillor
C01001_77,C01001,Thiruvananthapuram,77,Valiyathura,Sheeba Patrick,Thiruvananthapuram,Municipal Corporation,INC,UDF,3842,2025,Councillor
C01001_78,C01001,Thiruvananthapuram,78,Vallakkadavu,Shajida Nasar,Thiruvananthapuram,Municipal Corporation,CPI(M),LDF,3916,2025,Councillor
C01001_79,C01001,Thiruvananthapuram,79,Sreevaraham,Mini  R,Thiruvananthapuram,Municipal Corporation,BJP,NDA,3239,2025,Councillor
C01001_80,C01001,Thiruvananthapuram,80,Manacaud,Saritha P,Thiruvananthapuram,Municipal Corporation,BJP,NDA,3016,2025,Councillor
C01001_81,C01001,Thiruvananthapuram,81,Chalai,S K P Ramesh,Thiruvananthapuram,Municipal Corporation,BJP,NDA,3094,2025,Councillor
C01001_82,C01001,Thiruvananthapuram,82,Fort,Harikumar S,Thiruvananthapuram,Municipal Corporation,BJP,NDA,3126,2025,Councillor
C01001_83,C01001,Thiruvananthapuram,83,Perunthanni,Deepa S  Nair,Thiruvananthapuram,Municipal Corporation,BJP,NDA,2949,2025,Councillor
C01001_84,C01001,Thiruvananthapuram,84,Sreekanteswaram,Sukanya O,Thiruvananthapuram,Municipal Corporation,BJP,NDA,2262,2025,Councillor
C01001_85,C01001,Thiruvananthapuram,85,Thampanoor,R  Harikumar,Thiruvananthapuram,Municipal Corporation,INC,UDF,1629,2025,Councillor
C01001_86,C01001,Thiruvananthapuram,86,Vanchiyoor,Sankarankutty Nair P,Thiruvananthapuram,Municipal Corporation,CPI(M),LDF,1410,2025,Councillor
C01001_87,C01001,Thiruvananthapuram,87,Kannammoola,Pattoor Radhakrishnan,Thiruvananthapuram,Municipal Corporation,IND,OTH,1215,2025,Councillor
C01001_88,C01001,Thiruvananthapuram,88,Pettah,Deepak S P,Thiruvananthapuram,Municipal Corporation,CPI(M),LDF,2388,2025,Councillor
C01001_89,C01001,Thiruvananthapuram,89,Chackai,K Sreekumar,Thiruvananthapuram,Municipal Corporation,CPI(M),LDF,2838,2025,Councillor
C01001_90,C01001,Thiruvananthapuram,90,Vettukadu,Kinsy Iwin,Thiruvananthapuram,Municipal Corporation,CPI(M),LDF,3400,2025,Councillor
C01001_91,C01001,Thiruvananthapuram,91,Karikkakam,Aswathi M S,Thiruvananthapuram,Municipal Corporation,CPI(M),LDF,2196,2025,Councillor
C01001_92,C01001,Thiruvananthapuram,92,Kadakampally,Jaya Rajiv,Thiruvananthapuram,Municipal Corporation,BJP,NDA,1936,2025,Councillor
C01001_93,C01001,Thiruvananthapuram,93,Anamugham,Veenakumari R,Thiruvananthapuram,Municipal Corporation,CPI,LDF,1518,2025,Councillor
C01001_94,C01001,Thiruvananthapuram,94,Akkulam,Advocate Mini  P S,Thiruvananthapuram,Municipal Corporation,BJP,NDA,1334,2025,Councillor
C01001_95,C01001,Thiruvananthapuram,95,Cheruvaikkal,Vinod R (Kiran Kunnil),Thiruvananthapuram,Municipal Corporation,BJP,NDA,1356,2025,Councillor
C01001_96,C01001,Thiruvananthapuram,96,Alathara,K P Bindu,Thiruvananthapuram,Municipal Corporation,BJP,NDA,1709,2025,Councillor
C01001_97,C01001,Thiruvananthapuram,97,Kuzhivila,B Rajendran,Thiruvananthapuram,Municipal Corporation,BJP,NDA,1138,2025,Councillor
C01001_98,C01001,Thiruvananthapuram,98,Poundkadavu,Sudheesh Kumar,Thiruvananthapuram,Municipal Corporation,IND,OTH,2250,2025,Councillor
C01001_99,C01001,Thiruvananthapuram,99,Kulathoor,Sruthy I M,Thiruvananthapuram,Municipal Corporation,CPI(M),LDF,1535,2025,Councillor
C01001_100,C01001,Thiruvananthapuram,100,Attipra,Sunil S S (Chottu),Thiruvananthapuram,Municipal Corporation,BJP,NDA,1736,2025,Councillor
C01001_101,C01001,Thiruvananthapuram,101,Pallithura,Suchitra T,Thiruvananthapuram,Municipal Corporation,CPI(M),LDF,1658,2025,Councillor
C08004_1,C08004,Thrissur,1,Poonkunnam,Raghunath C Menon,Thrissur,Municipal Corporation,BJP,NDA,1210,2025,Councillor
C08004_2,C08004,Thrissur,2,Kuttankulangara,Anjali Rakesh,Thrissur,Municipal Corporation,INC,UDF,1052,2025,Councillor
C08004_3,C08004,Thrissur,3,Patturaikal,A V Krishnamohan,Thrissur,Municipal Corporation,BJP,NDA,1255,2025,Councillor
C08004_4,C08004,Thrissur,4,Viyyur,Arun Thadathil,Thrissur,Municipal Corporation,INC,UDF,1659,2025,Councillor
C08004_5,C08004,Thrissur,5,Peringavu,Sari Kishorekumar,Thrissur,Municipal Corporation,INC,UDF,1475,2025,Councillor
C08004_6,C08004,Thrissur,6,Ramavarmapuram,T R Hiran,Thrissur,Municipal Corporation,CPI(M),LDF,1675,2025,Councillor
C08004_7,C08004,Thrissur,7,Kuttumukku,Shibu Poruthoor,Thrissur,Municipal Corporation,INC,UDF,1464,2025,Councillor
C08004_8,C08004,Thrissur,8,Villadam,Sindhu Thykkadan,Thrissur,Municipal Corporation,CPI,LDF,1524,2025,Councillor
C08004_9,C08004,Thrissur,9,Cheroor,Villi Jijo,Thrissur,Municipal Corporation,INC,UDF,1447,2025,Councillor
C08004_10,C08004,Thrissur,10,Gandhi Nagar,Subi Babu,Thrissur,Municipal Corporation,INC,UDF,1572,2025,Councillor
C08004_11,C08004,Thrissur,11,Mukkattukara,Syamala Muraleedharan,Thrissur,Municipal Corporation,INC,UDF,1516,2025,Councillor
C08004_12,C08004,Thrissur,12,Nettissery,Sintomol Sojan,Thrissur,Municipal Corporation,INC,UDF,1353,2025,Councillor
C08004_13,C08004,Thrissur,13,Mullakkara,Neethu Sumesh,Thrissur,Municipal Corporation,INC,UDF,1611,2025,Councillor
C08004_14,C08004,Thrissur,14,Mannuthy,Anees Ahammad T A,Thrissur,Municipal Corporation,CPI(M),LDF,1129,2025,Councillor
C08004_15,C08004,Thrissur,15,Ollukkara,K Gopalakrishnan,Thrissur,Municipal Corporation,INC,UDF,1243,2025,Councillor
C08004_16,C08004,Thrissur,16,Krishnapuram,Soumya Pratheesh,Thrissur,Municipal Corporation,JD(S),LDF,1774,2025,Councillor
C08004_17,C08004,Thrissur,17,Kuttanellur,Hareesh Mohan,Thrissur,Municipal Corporation,INC,UDF,1744,2025,Councillor
C08004_18,C08004,Thrissur,18,Chelakkottukara,T R Santhosh,Thrissur,Municipal Corporation,INC,UDF,1780,2025,Councillor
C08004_19,C08004,Thrissur,19,Kalathode,M.L Rosy,Thrissur,Municipal Corporation,IND,OTH,1701,2025,Councillor
C08004_20,C08004,Thrissur,20,Paravattany,Jees George,Thrissur,Municipal Corporation,CPI(M),LDF,1174,2025,Councillor
C08004_21,C08004,Thrissur,21,Kizhakkumpattukara,Niji Justin,Thrissur,Municipal Corporation,INC,UDF,1559,2025,Mayor
C08004_22,C08004,Thrissur,22,Chembukavu,Joy Bastin Chakkola,Thrissur,Municipal Corporation,INC,UDF,766,2025,Councillor
C08004_23,C08004,Thrissur,23,Mission Quarters,Baiju Varghese,Thrissur,Municipal Corporation,INC,UDF,1037,2025,Councillor
C08004_24,C08004,Thrissur,24,Kuriachira,Shomi Francis,Thrissur,Municipal Corporation,IND,OTH,1393,2025,Councillor
C08004_25,C08004,Thrissur,25,Valarkavu,Mercy Aji,Thrissur,Municipal Corporation,INC,UDF,1445,2025,Councillor
C08004_26,C08004,Thrissur,26,Anchery,Smitha Aneesh,Thrissur,Municipal Corporation,CPI(M),LDF,1747,2025,Councillor
C08004_27,C08004,Thrissur,27,Padavaradu,Praveenlal,Thrissur,Municipal Corporation,INC,UDF,1305,2025,Councillor
C08004_28,C08004,Thrissur,28,Ollur Centre,Pauly Jose,Thrissur,Municipal Corporation,INC,UDF,1194,2025,Councillor
C08004_29,C08004,Thrissur,29,Edakkunny,Reshmi Unnikrishnan,Thrissur,Municipal Corporation,INC,UDF,1225,2025,Councillor
C08004_30,C08004,Thrissur,30,Thaikattussery,Keerthana Karthikeyan,Thrissur,Municipal Corporation,CPI(M),LDF,1499,2025,Councillor
C08004_31,C08004,Thrissur,31,Ollur,Karoli Joshwa,Thrissur,Municipal Corporation,INC,UDF,1647,2025,Councillor
C08004_32,C08004,Thrissur,32,Chiyyaram,Limna Manoj,Thrissur,Municipal Corporation,IND,OTH,1985,2025,Councillor
C08004_33,C08004,Thrissur,33,Chiyyaram South,Raphy Jose (Kutty Raphy),Thrissur,Municipal Corporation,IND,OTH,1336,2025,Councillor
C08004_34,C08004,Thrissur,34,Kuriyachira West,Jacob Pulikkottil,Thrissur,Municipal Corporation,INC,UDF,1972,2025,Councillor
C08004_35,C08004,Thrissur,35,Kannamkulangara,Mumdas ( Chinju),Thrissur,Municipal Corporation,BJP,NDA,973,2025,Councillor
C08004_36,C08004,Thrissur,36,Thekkinkadu,Poornima Suresh,Thrissur,Municipal Corporation,BJP,NDA,793,2025,Councillor
C08004_37,C08004,Thrissur,37,Thiruvambadi,Adv. M Reshma Menon,Thrissur,Municipal Corporation,BJP,NDA,557,2025,Councillor
C08004_38,C08004,Thrissur,38,Kottappuram,Vinod Krishna (Kannan),Thrissur,Municipal Corporation,INC,NDA,745,2025,Councillor
C08004_39,C08004,Thrissur,39,Poothole,P. Sukumaran,Thrissur,Municipal Corporation,CPI(M),LDF,1030,2025,Councillor
C08004_40,C08004,Thrissur,40,Kokkalai,Vinshy Arunkumar,Thrissur,Municipal Corporation,BJP,NDA,947,2025,Councillor
C08004_41,C08004,Thrissur,41,Vadookara,Sijith M S,Thrissur,Municipal Corporation,CPI(M),LDF,2284,2025,Councillor
C08004_42,C08004,Thrissur,42,Koorkanchery,Ambily C. M.,Thrissur,Municipal Corporation,INC,UDF,1378,2025,Councillor
C08004_43,C08004,Thrissur,43,Kanimangalam,Padmini Shaji,Thrissur,Municipal Corporation,BJP,NDA,1064,2025,Councillor
C08004_44,C08004,Thrissur,44,Panamukku,Sheena Chandran,Thrissur,Municipal Corporation,INC,UDF,1792,2025,Councillor
C08004_45,C08004,Thrissur,45,Nedupuzha,Princy Rojan,Thrissur,Municipal Corporation,INC,UDF,1685,2025,Councillor
C08004_46,C08004,Thrissur,46,Kariattukara,K. Sumesh,Thrissur,Municipal Corporation,INC,UDF,1648,2025,Councillor
C08004_47,C08004,Thrissur,47,Laloor,Lali James,Thrissur,Municipal Corporation,INC,UDF,2483,2025,Councillor
C08004_48,C08004,Thrissur,48,Aranattukara,Vibhitha Vasu,Thrissur,Municipal Corporation,INC,UDF,1685,2025,Councillor
C08004_49,C08004,Thrissur,49,Kanattukara,Sunitha,Thrissur,Municipal Corporation,CPI(M),LDF,1297,2025,Councillor
C08004_50,C08004,Thrissur,50,Ayyanthole,Valsala Baburaj,Thrissur,Municipal Corporation,INC,UDF,951,2025,Councillor
C08004_51,C08004,Thrissur,51,Civil Station,A. Prasad,Thrissur,Municipal Corporation,INC,UDF,1130,2025,Deputy Mayor
C08004_52,C08004,Thrissur,52,Olari,Sajan C. George,Thrissur,Municipal Corporation,INC,UDF,1434,2025,Councillor
C08004_53,C08004,Thrissur,53,Elthuruth,Shaju,Thrissur,Municipal Corporation,CPI,LDF,1525,2025,Councillor
C08004_54,C08004,Thrissur,54,Chettupuzha,Baburaj E. S.,Thrissur,Municipal Corporation,INC,UDF,1329,2025,Councillor
C08004_55,C08004,Thrissur,55,Pullazhi,Sunitha Vinu,Thrissur,Municipal Corporation,INC,UDF,1705,2025,Councillor
C08004_56,C08004,Thrissur,56,Puthoorkara,Mefi Delson,Thrissur,Municipal Corporation,INC,UDF,2060,2025,Councillor