lsgi_code,lsgi_name,district,lsgi_type,number_of_wards,LDF,UDF,NDA,OTH,majority_number,largest_front,majority_front
B01001,Parassala,Thiruvananthapuram,Block Panchayat,15,3,12,0,0,8,UDF,UDF
B01002,Perumkadavila,Thiruvananthapuram,Block Panchayat,16,13,2,1,0,9,LDF,LDF
B01003,Athiyanoor,Thiruvananthapuram,Block Panchayat,14,4,9,1,0,8,UDF,UDF
B01004,Nemom,Thiruvananthapuram,Block Panchayat,18,9,4,5,0,10,LDF,No Majority
B01005,Pothencode,Thiruvananthapuram,Block Panchayat,14,5,7,2,0,8,UDF,No Majority
B01006,Vellanad,Thiruvananthapuram,Block Panchayat,17,8,9,0,0,9,UDF,UDF
B01007,Nedumangad,Thiruvananthapuram,Block Panchayat,15,11,4,0,0,8,LDF,LDF
B01008,Vamanapuram,Thiruvananthapuram,Block Panchayat,16,7,9,0,0,9,UDF,UDF
B01009,Kilimanoor,Thiruvananthapuram,Block Panchayat,16,9,7,0,0,9,LDF,LDF
B01010,Chirayinkeezhu,Thiruvananthapuram,Block Panchayat,14,4,7,3,0,8,UDF,No Majority
B01011,Varkala,Thiruvananthapuram,Block Panchayat,14,9,3,2,0,8,LDF,LDF
B02012,Oachira,Kollam,Block Panchayat,16,7,9,0,0,9,UDF,UDF
B02013,Sasthamcotta,Kollam,Block Panchayat,15,9,5,1,0,8,LDF,LDF
B02014,Vettikavala,Kollam,Block Panchayat,15,8,7,0,0,8,LDF,LDF
B02015,Pathanapuram,Kollam,Block Panchayat,14,4,10,0,0,8,UDF,UDF
B02016,Anchal,Kollam,Block Panchayat,16,11,5,0,0,9,LDF,LDF
B02017,Kottarakara,Kollam,Block Panchayat,14,10,3,1,0,8,LDF,LDF
B02018,Chittumala,Kollam,Block Panchayat,14,7,6,1,0,8,LDF,No Majority
B02019,Chavara,Kollam,Block Panchayat,14,5,9,0,0,8,UDF,UDF
B02020,Mukhathala,Kollam,Block Panchayat,17,8,8,1,0,9,TIE,TIE
B02021,Chadayamangalam,Kollam,Block Panchayat,17,10,7,0,0,9,LDF,LDF
B02022,Ithikara,Kollam,Block Panchayat,14,10,1,2,1,8,LDF,LDF
B03023,Mallappally,Pathanamthitta,Block Panchayat,14,3,10,1,0,8,UDF,UDF
B03024,Pulikkeezhu,Pathanamthitta,Block Panchayat,14,4,10,0,0,8,UDF,UDF
B03025,Koipuram,Pathanamthitta,Block Panchayat,14,4,9,1,0,8,UDF,UDF
B03026,Elanthoor,Pathanamthitta,Block Panchayat,14,2,12,0,0,8,UDF,UDF
B03027,Ranni,Pathanamthitta,Block Panchayat,14,4,10,0,0,8,UDF,UDF
B03028,Konni,Pathanamthitta,Block Panchayat,14,7,7,0,0,8,TIE,TIE
B03029,Pandalam,Pathanamthitta,Block Panchayat,14,3,8,3,0,8,UDF,UDF
B03030,Parakodu,Pathanamthitta,Block Panchayat,16,6,9,1,0,9,UDF,UDF
B04031,Thykkattussery,Alappuzha,Block Panchayat,14,7,6,1,0,8,LDF,No Majority
B04032,Pattanakkad,Alappuzha,Block Panchayat,15,5,8,1,1,8,UDF,UDF
B04033,Kanjikkuzhy,Alappuzha,Block Panchayat,14,13,1,0,0,8,LDF,LDF
B04034,Aryad,Alappuzha,Block Panchayat,14,12,1,0,1,8,LDF,LDF
B04035,Ambalappuzha,Alappuzha,Block Panchayat,14,5,8,1,0,8,UDF,UDF
B04036,Champakkulam,Alappuzha,Block Panchayat,14,6,8,0,0,8,UDF,UDF
B04037,Veliyanad,Alappuzha,Block Panchayat,14,6,6,2,0,8,TIE,TIE
B04038,Chengannur,Alappuzha,Block Panchayat,14,8,4,2,0,8,LDF,LDF
B04039,Harippad,Alappuzha,Block Panchayat,14,6,8,0,0,8,UDF,UDF
B04040,Mavelikkara,Alappuzha,Block Panchayat,14,9,4,1,0,8,LDF,LDF
B04041,Bharanikkavu,Alappuzha,Block Panchayat,14,10,4,0,0,8,LDF,LDF
B04042,Muthukulam,Alappuzha,Block Panchayat,15,9,6,0,0,8,LDF,LDF
B05043,Vaikom,Kottayam,Block Panchayat,14,13,1,0,0,8,LDF,LDF
B05044,Kaduthuruthy,Kottayam,Block Panchayat,14,3,11,0,0,8,UDF,UDF
B05045,Ettumanoor,Kottayam,Block Panchayat,14,5,9,0,0,8,UDF,UDF
B05046,Uzhavoor,Kottayam,Block Panchayat,14,4,10,0,0,8,UDF,UDF
B05047,Lalam,Kottayam,Block Panchayat,14,3,10,0,1,8,UDF,UDF
B05048,Erattupetta,Kottayam,Block Panchayat,14,4,8,2,0,8,UDF,UDF
B05049,Pampady,Kottayam,Block Panchayat,15,1,14,0,0,8,UDF,UDF
B05050,Madappally,Kottayam,Block Panchayat,14,2,11,1,0,8,UDF,UDF
B05051,Vazhoor,Kottayam,Block Panchayat,14,8,5,1,0,8,LDF,LDF
B05052,Kanjirappally,Kottayam,Block Panchayat,16,3,12,0,1,9,UDF,UDF
B05053,Pallom,Kottayam,Block Panchayat,14,4,10,0,0,8,UDF,UDF
B06054,Adimali,Idukki,Block Panchayat,14,2,12,0,0,8,UDF,UDF
B06055,Devikulam,Idukki,Block Panchayat,14,8,6,0,0,8,LDF,LDF
B06056,Nedumkandom,Idukki,Block Panchayat,14,5,9,0,0,8,UDF,UDF
B06057,Elamdesom,Idukki,Block Panchayat,14,1,13,0,0,8,UDF,UDF
B06058,Idukki,Idukki,Block Panchayat,14,1,12,0,1,8,UDF,UDF
B06059,Kattappana,Idukki,Block Panchayat,14,2,12,0,0,8,UDF,UDF
B06060,Thodupuzha,Idukki,Block Panchayat,14,2,10,0,2,8,UDF,UDF
B06061,Azhutha,Idukki,Block Panchayat,14,3,11,0,0,8,UDF,UDF
B07062,Paravur,Ernakulam,Block Panchayat,14,5,9,0,0,8,UDF,UDF
B07063,Alangad,Ernakulam,Block Panchayat,14,3,11,0,0,8,UDF,UDF
B07064,Angamali,Ernakulam,Block Panchayat,15,0,15,0,0,8,UDF,UDF
B07065,Koovapady,Ernakulam,Block Panchayat,14,1,13,0,0,8,UDF,UDF
B07066,Vazhakulam,Ernakulam,Block Panchayat,17,0,13,0,4,9,UDF,UDF
B07067,Edappally,Ernakulam,Block Panchayat,14,1,11,0,2,8,UDF,UDF
B07068,Vypin,Ernakulam,Block Panchayat,14,8,6,0,0,8,LDF,LDF
B07069,Palluruthy,Ernakulam,Block Panchayat,14,3,11,0,0,8,UDF,UDF
B07070,Mulanthuruthy,Ernakulam,Block Panchayat,14,2,12,0,0,8,UDF,UDF
B07071,Vadavukode,Ernakulam,Block Panchayat,14,5,5,0,4,8,TIE,TIE
B07072,Kothamangalam,Ernakulam,Block Panchayat,16,3,13,0,0,9,UDF,UDF
B07073,Pambakkuda,Ernakulam,Block Panchayat,14,2,11,0,1,8,UDF,UDF
B07074,Parakkadavu,Ernakulam,Block Panchayat,14,3,11,0,0,8,UDF,UDF
B07075,Muvattupuzha,Ernakulam,Block Panchayat,14,0,13,0,1,8,UDF,UDF
B08076,Chavakkad,Thrissur,Block Panchayat,14,2,12,0,0,8,UDF,UDF
B08077,Chowannur,Thrissur,Block Panchayat,16,13,3,0,0,9,LDF,LDF
B08078,Wadakkanchery,Thrissur,Block Panchayat,14,7,6,0,1,8,LDF,No Majority
B08079,Pazhayannur,Thrissur,Block Panchayat,15,12,1,1,1,8,LDF,LDF
B08080,Ollukkara,Thrissur,Block Panchayat,14,9,5,0,0,8,LDF,LDF
B08081,Puzhakkal,Thrissur,Block Panchayat,14,7,7,0,0,8,TIE,TIE
B08082,Mullassery,Thrissur,Block Panchayat,14,6,7,0,1,8,UDF,No Majority
B08083,Thalikulam,Thrissur,Block Panchayat,14,6,7,0,1,8,UDF,No Majority
B08084,Mathilakam,Thrissur,Block Panchayat,16,13,2,1,0,9,LDF,LDF
B08085,Anthikkad,Thrissur,Block Panchayat,14,12,2,0,0,8,LDF,LDF
B08086,Cherpu,Thrissur,Block Panchayat,14,7,5,2,0,8,LDF,No Majority
B08087,Kodakara,Thrissur,Block Panchayat,16,10,6,0,0,9,LDF,LDF
B08088,Irinjalakuda,Thrissur,Block Panchayat,14,11,2,1,0,8,LDF,LDF
B08089,Vellangallur,Thrissur,Block Panchayat,14,12,2,0,0,8,LDF,LDF
B08090,Mala,Thrissur,Block Panchayat,14,3,11,0,0,8,UDF,UDF
B08091,Chalakudy,Thrissur,Block Panchayat,14,4,10,0,0,8,UDF,UDF
B09092,Thrithala,Palakkad,Block Panchayat,16,8,8,0,0,9,TIE,TIE
B09093,Pattambi,Palakkad,Block Panchayat,16,4,11,0,1,9,UDF,UDF
B09094,Ottappalam,Palakkad,Block Panchayat,17,14,3,0,0,9,LDF,LDF
B09095,Sreekrishnapuram,Palakkad,Block Panchayat,14,8,6,0,0,8,LDF,LDF
B09096,Mannarkad,Palakkad,Block Panchayat,18,1,16,0,1,10,UDF,UDF
B09097,Attapadi,Palakkad,Block Panchayat,14,4,9,1,0,8,UDF,UDF
B09098,Palakkad,Palakkad,Block Panchayat,15,11,3,1,0,8,LDF,LDF
B09099,Kuzhalmandam,Palakkad,Block Panchayat,14,10,4,0,0,8,LDF,LDF
B09100,Chittoor,Palakkad,Block Panchayat,15,12,3,0,0,8,LDF,LDF
B09101,Kollankode,Palakkad,Block Panchayat,15,10,5,0,0,8,LDF,LDF
B09102,Nenmara,Palakkad,Block Panchayat,14,12,2,0,0,8,LDF,LDF
B09103,Malampuzha,Palakkad,Block Panchayat,15,11,2,2,0,8,LDF,LDF
B09104,Alathoor,Palakkad,Block Panchayat,17,11,6,0,0,9,LDF,LDF
B10105,Nilambur,Malappuram,Block Panchayat,15,0,13,0,2,8,UDF,UDF
B10106,Kondotty,Malappuram,Block Panchayat,18,2,16,0,0,10,UDF,UDF
B10107,Wandoor,Malappuram,Block Panchayat,18,4,13,0,1,10,UDF,UDF
B10108,Kalikavu,Malappuram,Block Panchayat,16,0,16,0,0,9,UDF,UDF
B10109,Areacode,Malappuram,Block Panchayat,19,0,18,0,1,10,UDF,UDF
B10110,Malappuram,Malappuram,Block Panchayat,17,0,16,0,1,9,UDF,UDF
B10111,Perinthalmanna,Malappuram,Block Panchayat,19,2,17,0,0,10,UDF,UDF
B10112,Mankada,Malappuram,Block Panchayat,15,1,13,0,1,8,UDF,UDF
B10113,Kuttipuram,Malappuram,Block Panchayat,17,0,17,0,0,9,UDF,UDF
B10114,Tanur,Malappuram,Block Panchayat,17,2,13,0,2,9,UDF,UDF
B10115,Vengara,Malappuram,Block Panchayat,18,0,18,0,0,10,UDF,UDF
B10116,Tirurangadi,Malappuram,Block Panchayat,16,1,15,0,0,9,UDF,UDF
B10117,Tirur,Malappuram,Block Panchayat,17,2,15,0,0,9,UDF,UDF
B10118,Ponnani,Malappuram,Block Panchayat,14,7,6,0,1,8,LDF,No Majority
B10119,Perumpadappu,Malappuram,Block Panchayat,14,4,10,0,0,8,UDF,UDF
B11120,Vadakara,Kozhikkode,Block Panchayat,14,7,4,0,3,8,LDF,No Majority
B11121,Tuneri,Kozhikkode,Block Panchayat,15,8,7,0,0,8,LDF,LDF
B11122,Kunnummal,Kozhikkode,Block Panchayat,14,8,6,0,0,8,LDF,LDF
B11123,Thodannur,Kozhikkode,Block Panchayat,14,7,6,0,1,8,LDF,No Majority
B11124,Melady,Kozhikkode,Block Panchayat,14,8,6,0,0,8,LDF,LDF
B11125,Perambra,Kozhikkode,Block Panchayat,14,7,7,0,0,8,TIE,TIE
B11126,Balusseri,Kozhikkode,Block Panchayat,16,8,7,0,1,9,LDF,No Majority
B11127,Panthalayani,Kozhikkode,Block Panchayat,14,8,6,0,0,8,LDF,LDF
B11128,Chelannur,Kozhikkode,Block Panchayat,15,11,4,0,0,8,LDF,LDF
B11129,Koduvally,Kozhikkode,Block Panchayat,19,1,18,0,0,10,UDF,UDF
B11130,Kunnamangalam,Kozhikkode,Block Panchayat,20,4,15,0,1,11,UDF,UDF
B11131,Kozhikode,Kozhikkode,Block Panchayat,14,10,4,0,0,8,LDF,LDF
B12132,Mananthavady,Wayanad,Block Panchayat,14,4,10,0,0,8,UDF,UDF
B12133,Sulthan Bathery,Wayanad,Block Panchayat,14,5,8,0,1,8,UDF,UDF
B12134,Kalpetta,Wayanad,Block Panchayat,16,2,14,0,0,9,UDF,UDF
B12135,Panamaram,Wayanad,Block Panchayat,15,1,13,0,1,8,UDF,UDF
B13136,Kalliassery,Kannur,Block Panchayat,16,11,5,0,0,9,LDF,LDF
B13137,Payyannur,Kannur,Block Panchayat,14,12,2,0,0,8,LDF,LDF
B13138,Taliparamba,Kannur,Block Panchayat,17,8,8,0,1,9,TIE,TIE
B13139,Irikkur,Kannur,Block Panchayat,15,10,5,0,0,8,LDF,LDF
B13140,Kannur,Kannur,Block Panchayat,14,9,5,0,0,8,LDF,LDF
B13141,Edakkad,Kannur,Block Panchayat,14,7,7,0,0,8,TIE,TIE
B13142,Thalassery,Kannur,Block Panchayat,15,13,2,0,0,8,LDF,LDF
B13143,Kuthuparamba,Kannur,Block Panchayat,15,12,3,0,0,8,LDF,LDF
B13144,Panoor,Kannur,Block Panchayat,14,14,0,0,0,8,LDF,LDF
B13145,Iritty,Kannur,Block Panchayat,14,8,6,0,0,8,LDF,LDF
B13146,Peravoor,Kannur,Block Panchayat,14,5,9,0,0,8,UDF,UDF
B14147,Karadka,Kasargod,Block Panchayat,14,9,3,2,0,8,LDF,LDF
B14148,Manjeshwar,Kasargod,Block Panchayat,16,2,11,3,0,9,UDF,UDF
B14149,Kasaragod,Kasargod,Block Panchayat,18,0,16,2,0,10,UDF,UDF
B14150,Kanhangad,Kasargod,Block Panchayat,15,8,7,0,0,8,LDF,LDF
B14151,Parappa,Kasargod,Block Panchayat,15,8,7,0,0,8,LDF,LDF
B14152,Nileswar,Kasargod,Block Panchayat,14,8,6,0,0,8,LDF,LDF
C01001,Thiruvananthapuram,Thiruvananthapuram,Municipal Corporation,101,29,20,50,2,51,NDA,No Majority
C02002,Kollam,Kollam,Municipal Corporation,56,16,27,12,1,29,UDF,No Majority
C07003,Kochi,Ernakulam,Municipal Corporation,76,20,46,6,4,39,UDF,UDF
C08004,Thrissur,Thrissur,Municipal Corporation,56,11,33,8,4,29,UDF,UDF
C11005,Kozhikkode,Kozhikkode,Municipal Corporation,76,35,26,13,2,39,LDF,No Majority
C13006,Kannur,Kannur,Municipal Corporation,56,15,36,4,1,29,UDF,UDF
D01001,Thiruvananthapuram,Thiruvananthapuram,District Panchayat,28,15,13,0,0,15,LDF,LDF
D02001,Kollam,Kollam,District Panchayat,27,17,10,0,0,14,LDF,LDF
D03001,Pathanamthitta,Pathanamthitta,District Panchayat,17,5,12,0,0,9,UDF,UDF
D04001,Alappuzha,Alappuzha,District Panchayat,24,16,8,0,0,13,LDF,LDF
D05001,Kottayam,Kottayam,District Panchayat,23,7,16,0,0,12,UDF,UDF
D06001,Idukki,Idukki,District Panchayat,17,3,14,0,0,9,UDF,UDF
D07001,Ernakulam,Ernakulam,District Panchayat,28,3,25,0,0,15,UDF,UDF
D08001,Thrissur,Thrissur,District Panchayat,30,21,9,0,0,16,LDF,LDF
D09001,Palakkad,Palakkad,District Panchayat,31,19,12,0,0,16,LDF,LDF
D10001,Malappuram,Malappuram,District Panchayat,33,0,33,0,0,17,UDF,UDF
D11001,Kozhikkode,Kozhikkode,District Panchayat,28,13,14,0,1,15,UDF,No Majority
D12001,Wayanad,Wayanad,District Panchayat,34,2,15,0,0,18,UDF,No Majority
D13001,Kannur,Kannur,District Panchayat,25,18,7,0,0,13,LDF,LDF
D14001,Kasargod,Kasargod,District Panchayat,18,9,8,1,0,10,LDF,No Majority
G01001,Parassala,Thiruvananthapuram,Grama Panchayat,24,9,10,3,2,13,UDF,No Majority
G01002,Karode,Thiruvananthapuram,Grama Panchayat,20,7,9,2,2,11,UDF,No Majority
G01003,Kulathoor,Thiruvananthapuram,Grama Panchayat,21,6,13,0,2,11,UDF,UDF
G01004,Chenkal,Thiruvananthapuram,Grama Panchayat,22,8,13,1,0,12,UDF,UDF
G01005,Thirupuram,Thiruvananthapuram,Grama Panchayat,15,4,11,0,0,8,UDF,UDF
G01006,Poovar,Thiruvananthapuram,Grama Panchayat,15,4,8,2,1,8,UDF,UDF
G01007,Vellarada,Thiruvananthapuram,Grama Panchayat,24,14,7,2,1,13,LDF,LDF
G01008,Kunnathukal,Thiruvananthapuram,Grama Panchayat,23,10,10,3,0,12,TIE,TIE
G01009,Kollayil,Thiruvananthapuram,Grama Panchayat,18,10,4,4,0,10,LDF,LDF
G01010,Perumkadavila,Thiruvananthapuram,Grama Panchayat,17,6,8,3,0,9,UDF,No Majority
G01011,Aryankode,Thiruvananthapuram,Grama Panchayat,17,8,5,3,1,9,LDF,No Majority
G01012,Ottasekaramangalam,Thiruvananthapuram,Grama Panchayat,15,7,5,3,0,8,LDF,No Majority
G01013,Kallikkadu,Thiruvananthapuram,Grama Panchayat,14,8,5,1,0,8,LDF,LDF
G01014,Amboori,Thiruvananthapuram,Grama Panchayat,14,6,8,0,0,8,UDF,UDF
G01015,Athiyannoor,Thiruvananthapuram,Grama Panchayat,18,7,2,8,1,10,NDA,No Majority
G01016,Kanjiramkulam,Thiruvananthapuram,Grama Panchayat,15,4,11,0,0,8,UDF,UDF
G01017,Karumkulam,Thiruvananthapuram,Grama Panchayat,19,6,11,0,2,10,UDF,UDF
G01018,Kottukal,Thiruvananthapuram,Grama Panchayat,21,9,11,1,0,11,UDF,UDF
G01019,Venganoor,Thiruvananthapuram,Grama Panchayat,22,8,7,6,1,12,LDF,No Majority
G01020,Maranallur,Thiruvananthapuram,Grama Panchayat,22,8,2,11,1,12,NDA,No Majority
G01021,Balaramapuram,Thiruvananthapuram,Grama Panchayat,22,9,8,4,1,12,LDF,No Majority
G01022,Pallichal,Thiruvananthapuram,Grama Panchayat,24,12,6,6,0,13,LDF,No Majority
G01023,Malayinkeezhu,Thiruvananthapuram,Grama Panchayat,22,6,8,7,1,12,UDF,No Majority
G01024,Vilappil,Thiruvananthapuram,Grama Panchayat,22,7,4,11,0,12,NDA,No Majority
G01025,Vilavoorkal,Thiruvananthapuram,Grama Panchayat,20,6,6,6,2,11,TIE,TIE
G01026,Kalliyoor,Thiruvananthapuram,Grama Panchayat,24,8,5,10,1,13,NDA,No Majority
G01027,Andoorkonam,Thiruvananthapuram,Grama Panchayat,20,7,8,4,1,11,UDF,No Majority
G01028,Kadinamkulam,Thiruvananthapuram,Grama Panchayat,24,7,13,1,3,13,UDF,UDF
G01029,Mangalapuram,Thiruvananthapuram,Grama Panchayat,22,7,6,7,2,12,TIE,TIE
G01030,Pothencode,Thiruvananthapuram,Grama Panchayat,19,9,3,6,1,10,LDF,No Majority
G01031,Azhoor,Thiruvananthapuram,Grama Panchayat,18,4,5,9,0,10,NDA,No Majority
G01032,Kattakada,Thiruvananthapuram,Grama Panchayat,24,16,4,4,0,13,LDF,LDF
G01033,Vellanad,Thiruvananthapuram,Grama Panchayat,20,9,4,5,2,11,LDF,No Majority
G01034,Poovachal,Thiruvananthapuram,Grama Panchayat,24,8,9,6,1,13,UDF,No Majority
G01035,Aryanad,Thiruvananthapuram,Grama Panchayat,18,7,11,0,0,10,UDF,UDF
G01036,Vithura,Thiruvananthapuram,Grama Panchayat,18,9,6,3,0,10,LDF,No Majority
G01037,Kuttichal,Thiruvananthapuram,Grama Panchayat,15,5,8,1,1,8,UDF,UDF
G01038,Uzhamalakkal,Thiruvananthapuram,Grama Panchayat,16,9,3,4,0,9,LDF,LDF
G01039,Tholicode,Thiruvananthapuram,Grama Panchayat,18,6,11,1,0,10,UDF,UDF
G01040,Karakulam,Thiruvananthapuram,Grama Panchayat,24,15,8,0,1,13,LDF,LDF
G01041,Aruvikkara,Thiruvananthapuram,Grama Panchayat,21,11,6,3,1,11,LDF,LDF
G01042,Vembayam,Thiruvananthapuram,Grama Panchayat,23,8,8,5,2,12,TIE,TIE
G01043,Anadu,Thiruvananthapuram,Grama Panchayat,20,11,6,2,1,11,LDF,LDF
G01044,Panavoor,Thiruvananthapuram,Grama Panchayat,16,9,4,2,1,9,LDF,LDF
G01045,Vamanapuram,Thiruvananthapuram,Grama Panchayat,16,6,8,1,1,9,UDF,No Majority
G01046,Manickal,Thiruvananthapuram,Grama Panchayat,23,11,10,2,0,12,LDF,No Majority
G01047,Nellanad,Thiruvananthapuram,Grama Panchayat,18,10,8,0,0,10,LDF,LDF
G01048,Pullampara,Thiruvananthapuram,Grama Panchayat,16,7,7,1,1,9,TIE,TIE
G01049,Nanniyode,Thiruvananthapuram,Grama Panchayat,18,9,7,2,0,10,LDF,No Majority
G01050,Peringammala,Thiruvananthapuram,Grama Panchayat,19,7,12,0,0,10,UDF,UDF
G01051,Kallara,Thiruvananthapuram,Grama Panchayat,18,3,11,4,0,10,UDF,UDF
G01052,Pangode,Thiruvananthapuram,Grama Panchayat,19,7,6,2,4,10,LDF,No Majority
G01053,Pulimath,Thiruvananthapuram,Grama Panchayat,20,12,7,1,0,11,LDF,LDF
G01054,Karavaram,Thiruvananthapuram,Grama Panchayat,20,13,2,1,4,11,LDF,LDF
G01055,Nagaroor,Thiruvananthapuram,Grama Panchayat,18,13,3,1,1,10,LDF,LDF
G01056,Pazhayakunnummel,Thiruvananthapuram,Grama Panchayat,17,10,7,0,0,9,LDF,LDF
G01057,Kilimanoor,Thiruvananthapuram,Grama Panchayat,16,9,5,2,0,9,LDF,LDF
G01058,Navayikulam,Thiruvananthapuram,Grama Panchayat,24,6,12,6,0,13,UDF,No Majority
G01059,Madavoor,Thiruvananthapuram,Grama Panchayat,16,3,7,6,0,9,UDF,No Majority
G01060,Pallikkal,Thiruvananthapuram,Grama Panchayat,14,6,5,1,2,8,LDF,No Majority
G01061,Anchuthengu,Thiruvananthapuram,Grama Panchayat,14,7,7,0,0,8,TIE,TIE
G01062,Vakkom,Thiruvananthapuram,Grama Panchayat,14,8,5,1,0,8,LDF,LDF
G01063,Chirayinkeezhu,Thiruvananthapuram,Grama Panchayat,19,12,5,2,0,10,LDF,LDF
G01064,Kizhuvilam,Thiruvananthapuram,Grama Panchayat,21,6,11,2,2,11,UDF,UDF
G01065,Mudakkal,Thiruvananthapuram,Grama Panchayat,22,5,4,12,1,12,NDA,NDA
G01066,Kadakkavoor,Thiruvananthapuram,Grama Panchayat,17,9,4,4,0,9,LDF,LDF
G01067,Vettoor,Thiruvananthapuram,Grama Panchayat,15,4,10,1,0,8,UDF,UDF
G01068,Cherunniyoor,Thiruvananthapuram,Grama Panchayat,15,9,2,4,0,8,LDF,LDF
G01069,Edava,Thiruvananthapuram,Grama Panchayat,18,10,6,1,1,10,LDF,LDF
G01070,Elakamon,Thiruvananthapuram,Grama Panchayat,18,10,6,1,1,10,LDF,LDF
G01071,Chemmaruthy,Thiruvananthapuram,Grama Panchayat,20,9,9,1,1,11,TIE,TIE
G01072,Manamboor,Thiruvananthapuram,Grama Panchayat,17,6,5,5,1,9,LDF,No Majority
G01073,Ottoor,Thiruvananthapuram,Grama Panchayat,14,6,3,5,0,8,LDF,No Majority
G02001,Oachira,Kollam,Grama Panchayat,19,3,11,4,1,10,UDF,UDF
G02002,Kulasekharapuram,Kollam,Grama Panchayat,24,7,10,4,3,13,UDF,No Majority
G02003,Thazhava,Kollam,Grama Panchayat,24,10,9,5,0,13,LDF,No Majority
G02004,Clappana,Kollam,Grama Panchayat,16,6,10,0,0,9,UDF,UDF
G02005,Alappad,Kollam,Grama Panchayat,16,9,3,4,0,9,LDF,LDF
G02006,Thodiyoor,Kollam,Grama Panchayat,24,13,9,2,0,13,LDF,LDF
G02007,Sasthamcotta,Kollam,Grama Panchayat,21,11,9,0,1,11,LDF,LDF
G02008,West Kallada,Kollam,Grama Panchayat,15,7,5,2,1,8,LDF,No Majority
G02009,Sooranad South,Kollam,Grama Panchayat,17,7,8,2,0,9,UDF,No Majority
G02010,Poruvazhi,Kollam,Grama Panchayat,19,8,4,4,3,10,LDF,No Majority
G02011,Kunnathur,Kollam,Grama Panchayat,18,9,5,4,0,10,LDF,No Majority
G02012,Sooranad North,Kollam,Grama Panchayat,19,7,8,2,2,10,UDF,No Majority
G02013,Mynagappally,Kollam,Grama Panchayat,24,12,7,2,3,13,LDF,No Majority
G02014,Ummannoor,Kollam,Grama Panchayat,21,9,9,3,0,11,TIE,TIE
G02015,Vettikavala,Kollam,Grama Panchayat,22,11,9,2,0,12,LDF,No Majority
G02016,Melila,Kollam,Grama Panchayat,16,5,11,0,0,9,UDF,UDF
G02017,Mylom,Kollam,Grama Panchayat,21,11,4,5,1,11,LDF,LDF
G02018,Kulakkada,Kollam,Grama Panchayat,20,9,8,1,2,11,LDF,No Majority
G02019,Pavithreswaram,Kollam,Grama Panchayat,20,5,12,3,0,11,UDF,UDF
G02020,Vilakkudy,Kollam,Grama Panchayat,21,11,9,0,1,11,LDF,LDF
G02021,Thalavoor,Kollam,Grama Panchayat,21,8,9,4,0,11,UDF,No Majority
G02022,Piravanthur,Kollam,Grama Panchayat,21,7,11,3,0,11,UDF,UDF
G02023,Pattazhi Vadakkekara,Kollam,Grama Panchayat,14,4,5,4,1,8,UDF,No Majority
G02024,Pattazhi,Kollam,Grama Panchayat,15,5,7,3,0,8,UDF,No Majority
G02025,Pathanapuram,Kollam,Grama Panchayat,20,7,10,0,3,11,UDF,No Majority
G02026,Kulathupuzha,Kollam,Grama Panchayat,21,7,12,0,2,11,UDF,UDF
G02027,Yeroor,Kollam,Grama Panchayat,21,16,4,1,0,11,LDF,LDF
G02028,Alayaman,Kollam,Grama Panchayat,16,3,9,3,1,9,UDF,UDF
G02029,Anchal,Kollam,Grama Panchayat,21,11,3,6,1,11,LDF,LDF
G02030,Edamulakkal,Kollam,Grama Panchayat,23,9,12,1,1,12,UDF,UDF
G02031,Karavaloor,Kollam,Grama Panchayat,17,9,7,0,1,9,LDF,LDF
G02032,Thenmala,Kollam,Grama Panchayat,17,12,4,0,1,9,LDF,LDF
G02033,Aryankavu,Kollam,Grama Panchayat,14,6,5,2,1,8,LDF,No Majority
G02034,Veliyam,Kollam,Grama Panchayat,20,16,3,1,0,11,LDF,LDF
G02035,Pooyappally,Kollam,Grama Panchayat,17,8,9,0,0,9,UDF,UDF
G02036,Kareepra,Kollam,Grama Panchayat,19,10,3,4,2,10,LDF,LDF
G02037,Ezhukone,Kollam,Grama Panchayat,17,6,10,0,1,9,UDF,UDF
G02038,Neduvathur,Kollam,Grama Panchayat,19,7,3,8,1,10,NDA,No Majority
G02041,Thrikkaruva,Kollam,Grama Panchayat,18,7,9,2,0,10,UDF,No Majority
G02042,Panayam,Kollam,Grama Panchayat,18,10,2,4,2,10,LDF,LDF
G02043,Perinad,Kollam,Grama Panchayat,21,10,4,7,0,11,LDF,No Majority
G02044,Kundara,Kollam,Grama Panchayat,14,3,8,1,2,8,UDF,UDF
G02045,Perayam,Kollam,Grama Panchayat,16,10,5,0,1,9,LDF,LDF
G02046,East Kallada,Kollam,Grama Panchayat,16,6,7,3,0,9,UDF,No Majority
G02047,Mandrothuruthu,Kollam,Grama Panchayat,14,9,5,0,0,8,LDF,LDF
G02048,Thekkumbhagam,Kollam,Grama Panchayat,14,6,5,3,0,8,LDF,No Majority
G02049,Chavara,Kollam,Grama Panchayat,24,9,12,1,2,13,UDF,No Majority
G02050,Thevalakkara,Kollam,Grama Panchayat,24,9,14,0,1,13,UDF,UDF
G02051,Panmana,Kollam,Grama Panchayat,24,2,22,0,0,13,UDF,UDF
G02052,Neendakara,Kollam,Grama Panchayat,14,5,7,2,0,8,UDF,No Majority
G02053,Mayyanad,Kollam,Grama Panchayat,24,9,15,0,0,13,UDF,UDF
G02054,Elampalloor,Kollam,Grama Panchayat,23,6,9,7,1,12,UDF,No Majority
G02055,Thrikkovilvattom,Kollam,Grama Panchayat,24,8,10,4,2,13,UDF,No Majority
G02056,Kottamkara,Kollam,Grama Panchayat,23,9,8,5,1,12,LDF,No Majority
G02057,Nedumpana,Kollam,Grama Panchayat,24,11,12,1,0,13,UDF,No Majority
G02058,Chithara,Kollam,Grama Panchayat,24,10,13,0,1,13,UDF,UDF
G02059,Kadakkal,Kollam,Grama Panchayat,20,16,2,1,1,11,LDF,LDF
G02060,Chadayamangalam,Kollam,Grama Panchayat,16,13,2,1,0,9,LDF,LDF
G02061,Ittiva,Kollam,Grama Panchayat,22,11,6,3,2,12,LDF,No Majority
G02062,Velinalloor,Kollam,Grama Panchayat,19,10,6,2,1,10,LDF,LDF
G02063,Elamadu,Kollam,Grama Panchayat,18,8,9,1,0,10,UDF,No Majority
G02064,Nilamel,Kollam,Grama Panchayat,14,1,13,0,0,8,UDF,UDF
G02065,Kummil,Kollam,Grama Panchayat,16,7,9,0,0,9,UDF,UDF
G02066,Poothakkulam,Kollam,Grama Panchayat,19,9,4,6,0,10,LDF,No Majority
G02067,Kalluvathukkal,Kollam,Grama Panchayat,24,9,8,7,0,13,LDF,No Majority
G02068,Chathannur,Kollam,Grama Panchayat,19,10,1,7,1,10,LDF,LDF
G02069,Adichanalloor,Kollam,Grama Panchayat,21,8,6,7,0,11,LDF,No Majority
G02070,Chirakkara,Kollam,Grama Panchayat,17,5,5,6,1,9,NDA,No Majority
G03001,Anikkadu,Pathanamthitta,Grama Panchayat,14,2,9,2,1,8,UDF,UDF
G03002,Kaviyoor,Pathanamthitta,Grama Panchayat,14,5,4,5,0,8,TIE,TIE
G03003,Kottanad,Pathanamthitta,Grama Panchayat,14,2,7,2,3,8,UDF,No Majority
G03004,Kallooppara,Pathanamthitta,Grama Panchayat,14,2,9,2,1,8,UDF,UDF
G03005,Kottangal,Pathanamthitta,Grama Panchayat,14,1,5,4,4,8,UDF,No Majority
G03006,Kunnanthanam,Pathanamthitta,Grama Panchayat,16,9,5,1,1,9,LDF,LDF
G03007,Mallappally,Pathanamthitta,Grama Panchayat,15,2,8,3,2,8,UDF,UDF
G03008,Kadapra,Pathanamthitta,Grama Panchayat,16,5,10,0,1,9,UDF,UDF
G03009,Kuttoor,Pathanamthitta,Grama Panchayat,15,2,5,6,2,8,NDA,No Majority
G03010,Niranam,Pathanamthitta,Grama Panchayat,14,6,6,0,2,8,TIE,TIE
G03011,Nedumpram,Pathanamthitta,Grama Panchayat,14,6,1,6,1,8,TIE,TIE
G03012,Peringara,Pathanamthitta,Grama Panchayat,16,3,8,4,1,9,UDF,No Majority
G03013,Ayiroor,Pathanamthitta,Grama Panchayat,16,2,5,6,3,9,NDA,No Majority
G03014,Eraviperoor,Pathanamthitta,Grama Panchayat,18,6,8,3,1,10,UDF,No Majority
G03015,Koipram,Pathanamthitta,Grama Panchayat,18,5,7,5,1,10,UDF,No Majority
G03016,Thottappuzhassery,Pathanamthitta,Grama Panchayat,14,1,8,2,3,8,UDF,UDF
G03017,Ezhumattoor,Pathanamthitta,Grama Panchayat,15,1,7,2,5,8,UDF,No Majority
G03018,Puramattam,Pathanamthitta,Grama Panchayat,14,5,7,0,2,8,UDF,No Majority
G03019,Omalloor,Pathanamthitta,Grama Panchayat,15,2,6,7,0,8,NDA,No Majority
G03020,Chenneerkara,Pathanamthitta,Grama Panchayat,15,4,10,1,0,8,UDF,UDF
G03021,Elanthoor,Pathanamthitta,Grama Panchayat,14,1,9,4,0,8,UDF,UDF
G03022,Cherukol,Pathanamthitta,Grama Panchayat,14,6,2,5,1,8,LDF,No Majority
G03023,Kozhanchery,Pathanamthitta,Grama Panchayat,14,3,6,2,3,8,UDF,No Majority
G03024,Mallappuzhassery,Pathanamthitta,Grama Panchayat,14,1,8,3,2,8,UDF,UDF
G03025,Naranganam,Pathanamthitta,Grama Panchayat,14,2,6,6,0,8,TIE,TIE
G03026,Ranni Pazhavangady,Pathanamthitta,Grama Panchayat,17,3,10,1,3,9,UDF,UDF
G03027,Ranni,Pathanamthitta,Grama Panchayat,14,9,3,1,1,8,LDF,LDF
G03028,Ranny Angady,Pathanamthitta,Grama Panchayat,14,2,9,0,3,8,UDF,UDF
G03029,Ranny Perunadu,Pathanamthitta,Grama Panchayat,16,10,3,3,0,9,LDF,LDF
G03030,Vadasserikkara,Pathanamthitta,Grama Panchayat,16,2,12,2,0,9,UDF,UDF
G03031,Chittar,Pathanamthitta,Grama Panchayat,14,7,6,0,1,8,LDF,No Majority
G03032,Seethathodu,Pathanamthitta,Grama Panchayat,14,10,3,0,1,8,LDF,LDF
G03033,Naranammoozhy,Pathanamthitta,Grama Panchayat,14,3,10,1,0,8,UDF,UDF
G03034,Vechoochira,Pathanamthitta,Grama Panchayat,16,3,12,1,0,9,UDF,UDF
G03035,Konni,Pathanamthitta,Grama Panchayat,20,6,11,2,1,11,UDF,UDF
G03036,Aruvappulam,Pathanamthitta,Grama Panchayat,15,4,8,2,1,8,UDF,UDF
G03037,Pramadam,Pathanamthitta,Grama Panchayat,20,5,10,3,2,11,UDF,No Majority
G03038,Mylapra,Pathanamthitta,Grama Panchayat,14,2,8,3,1,8,UDF,UDF
G03039,Vallikkodu,Pathanamthitta,Grama Panchayat,16,5,9,2,0,9,UDF,UDF
G03040,Thannithodu,Pathanamthitta,Grama Panchayat,14,2,11,0,1,8,UDF,UDF
G03041,Malayalapuzha,Pathanamthitta,Grama Panchayat,14,8,3,2,1,8,LDF,LDF
G03042,Panthalam-Thekkekkara,Pathanamthitta,Grama Panchayat,15,4,2,9,0,8,NDA,NDA
G03044,Thumpamon,Pathanamthitta,Grama Panchayat,14,0,12,1,1,8,UDF,UDF
G03045,Kulanada,Pathanamthitta,Grama Panchayat,17,8,1,4,4,9,LDF,No Majority
G03046,Aranmula,Pathanamthitta,Grama Panchayat,19,6,8,5,0,10,UDF,No Majority
G03047,Mezhuvely,Pathanamthitta,Grama Panchayat,14,5,9,0,0,8,UDF,UDF
G03048,Enadimangalam,Pathanamthitta,Grama Panchayat,16,6,7,3,0,9,UDF,No Majority
G03049,Earathu,Pathanamthitta,Grama Panchayat,17,5,8,3,1,9,UDF,No Majority
G03050,Ezhamkulam,Pathanamthitta,Grama Panchayat,21,6,13,2,0,11,UDF,UDF
G03051,Kadambanad,Pathanamthitta,Grama Panchayat,18,10,7,0,1,10,LDF,LDF
G03052,Kalanjoor,Pathanamthitta,Grama Panchayat,20,9,7,4,0,11,LDF,No Majority
G03053,Kodumon,Pathanamthitta,Grama Panchayat,19,8,9,1,1,10,UDF,No Majority
G03054,Pallickal,Pathanamthitta,Grama Panchayat,24,12,6,6,0,13,LDF,No Majority
G04001,Arookutty,Alappuzha,Grama Panchayat,15,7,6,1,1,8,LDF,No Majority
G04002,Chennam Pallippuram,Alappuzha,Grama Panchayat,19,5,7,7,0,10,TIE,TIE
G04003,Panavally,Alappuzha,Grama Panchayat,20,12,3,4,1,11,LDF,LDF
G04004,Perumbalam,Alappuzha,Grama Panchayat,14,11,1,2,0,8,LDF,LDF
G04005,Thycattussery,Alappuzha,Grama Panchayat,16,7,6,3,0,9,LDF,No Majority
G04006,Aroor,Alappuzha,Grama Panchayat,24,6,16,1,1,13,UDF,UDF
G04007,Ezhupunna,Alappuzha,Grama Panchayat,16,5,9,1,1,9,UDF,UDF
G04008,Kuthiathode,Alappuzha,Grama Panchayat,17,7,6,4,0,9,LDF,No Majority
G04009,Kodamthuruth,Alappuzha,Grama Panchayat,18,10,1,6,1,10,LDF,LDF
G04010,Thuravoor,Alappuzha,Grama Panchayat,19,10,6,3,0,10,LDF,LDF
G04011,Pattanakkad,Alappuzha,Grama Panchayat,21,8,13,0,0,11,UDF,UDF
G04012,Vayalar,Alappuzha,Grama Panchayat,17,14,3,0,0,9,LDF,LDF
G04013,Kanjikkuzhy,Alappuzha,Grama Panchayat,19,17,2,0,0,10,LDF,LDF
G04014,Cherthala South,Alappuzha,Grama Panchayat,24,10,13,1,0,13,UDF,UDF
G04015,Mararikkulam North,Alappuzha,Grama Panchayat,20,10,9,1,0,11,LDF,No Majority
G04016,Kadakkarapally,Alappuzha,Grama Panchayat,14,5,7,1,1,8,UDF,No Majority
G04017,Thanneermukkam,Alappuzha,Grama Panchayat,24,15,6,3,0,13,LDF,LDF
G04018,Aryad,Alappuzha,Grama Panchayat,20,16,3,0,1,11,LDF,LDF
G04019,Mannanchery,Alappuzha,Grama Panchayat,24,12,8,0,4,13,LDF,No Majority
G04020,Mararikkulam South,Alappuzha,Grama Panchayat,24,15,7,1,1,13,LDF,LDF
G04021,Muhamma,Alappuzha,Grama Panchayat,18,12,5,0,1,10,LDF,LDF
G04022,Ambalappuzha South,Alappuzha,Grama Panchayat,17,7,5,4,1,9,LDF,No Majority
G04023,Ambalappuzha North,Alappuzha,Grama Panchayat,20,9,3,1,7,11,LDF,No Majority
G04024,Punnapra South,Alappuzha,Grama Panchayat,19,4,11,4,0,10,UDF,UDF
G04025,Punnapra North,Alappuzha,Grama Panchayat,19,10,3,6,0,10,LDF,LDF
G04026,Purakkad,Alappuzha,Grama Panchayat,19,6,9,3,1,10,UDF,No Majority
G04027,Edathua,Alappuzha,Grama Panchayat,15,1,10,1,3,8,UDF,UDF
G04028,Kainakary,Alappuzha,Grama Panchayat,15,6,7,0,2,8,UDF,No Majority
G04029,Champakkulam,Alappuzha,Grama Panchayat,14,3,9,1,1,8,UDF,UDF
G04030,Thakazhy,Alappuzha,Grama Panchayat,15,4,5,5,1,8,TIE,TIE
G04031,Thalavady,Alappuzha,Grama Panchayat,16,6,7,3,0,9,UDF,No Majority
G04032,Nedumudi,Alappuzha,Grama Panchayat,15,9,6,0,0,8,LDF,LDF
G04033,Kavalam,Alappuzha,Grama Panchayat,14,9,2,1,2,8,LDF,LDF
G04034,Pulincunnu,Alappuzha,Grama Panchayat,16,5,6,3,2,9,UDF,No Majority
G04035,Neelamperoor,Alappuzha,Grama Panchayat,14,4,2,7,1,8,NDA,No Majority
G04036,Muttar,Alappuzha,Grama Panchayat,14,4,9,1,0,8,UDF,UDF
G04037,Ramankary,Alappuzha,Grama Panchayat,14,4,6,3,1,8,UDF,No Majority
G04038,Veliyanad,Alappuzha,Grama Panchayat,14,8,5,1,0,8,LDF,LDF
G04039,Cheriyanad,Alappuzha,Grama Panchayat,16,6,6,4,0,9,TIE,TIE
G04040,Ala,Alappuzha,Grama Panchayat,14,3,5,4,2,8,UDF,No Majority
G04041,Puliyur,Alappuzha,Grama Panchayat,14,5,6,3,0,8,UDF,No Majority
G04042,Budhannur,Alappuzha,Grama Panchayat,15,5,2,7,1,8,NDA,No Majority
G04043,Pandanad,Alappuzha,Grama Panchayat,14,2,6,3,3,8,UDF,No Majority
G04044,Thiruvanvandoor,Alappuzha,Grama Panchayat,14,2,4,5,3,8,NDA,No Majority
G04045,Mulakkuzha,Alappuzha,Grama Panchayat,19,8,5,6,0,10,LDF,No Majority
G04046,Venmony,Alappuzha,Grama Panchayat,15,8,2,4,1,8,LDF,LDF
G04047,Karthikapally,Alappuzha,Grama Panchayat,14,4,3,6,1,8,NDA,No Majority
G04048,Thrikkunnappuzha,Alappuzha,Grama Panchayat,18,7,8,1,2,10,UDF,No Majority
G04049,Kumarapuram,Alappuzha,Grama Panchayat,16,8,5,3,0,9,LDF,No Majority
G04050,Karuvatta,Alappuzha,Grama Panchayat,16,7,7,2,0,9,TIE,TIE
G04052,Pallippad,Alappuzha,Grama Panchayat,14,5,8,0,1,8,UDF,UDF
G04053,Cheruthana,Alappuzha,Grama Panchayat,14,7,4,3,0,8,LDF,No Majority
G04054,Veeyapuram,Alappuzha,Grama Panchayat,14,4,6,3,1,8,UDF,No Majority
G04055,Mavelikkara Thekkekkara,Alappuzha,Grama Panchayat,20,14,0,5,1,11,LDF,LDF
G04056,Chettikulangara,Alappuzha,Grama Panchayat,22,11,2,8,1,12,LDF,No Majority
G04057,Chennithala Thripperuthura,Alappuzha,Grama Panchayat,19,6,5,7,1,10,NDA,No Majority
G04058,Thazhakkara,Alappuzha,Grama Panchayat,22,11,5,4,2,12,LDF,No Majority
G04059,Mannar,Alappuzha,Grama Panchayat,19,8,5,5,1,10,LDF,No Majority
G04060,Chunakkara,Alappuzha,Grama Panchayat,17,9,4,3,1,9,LDF,LDF
G04061,Nooranad,Alappuzha,Grama Panchayat,18,11,5,1,1,10,LDF,LDF
G04062,Palamel,Alappuzha,Grama Panchayat,21,8,8,2,3,11,TIE,TIE
G04063,Bharanikkavu,Alappuzha,Grama Panchayat,22,14,7,1,0,12,LDF,LDF
G04064,Mavelikkara -Thamarakkulam,Alappuzha,Grama Panchayat,18,7,7,3,1,10,TIE,TIE
G04065,Vallikunnam,Alappuzha,Grama Panchayat,20,7,7,5,1,11,TIE,TIE
G04066,Pathiyoor,Alappuzha,Grama Panchayat,21,18,3,0,0,11,LDF,LDF
G04067,Kandalloor,Alappuzha,Grama Panchayat,15,10,4,1,0,8,LDF,LDF
G04068,Cheppad,Alappuzha,Grama Panchayat,16,7,7,1,1,9,TIE,TIE
G04069,Muthukulam,Alappuzha,Grama Panchayat,16,5,10,1,0,9,UDF,UDF
G04070,Aarattupuzha,Alappuzha,Grama Panchayat,19,6,10,2,1,10,UDF,UDF
G04071,Krishnapuram,Alappuzha,Grama Panchayat,18,5,8,5,0,10,UDF,No Majority
G04072,Devikulangara,Alappuzha,Grama Panchayat,16,7,6,3,0,9,LDF,No Majority
G04073,Chingoli,Alappuzha,Grama Panchayat,14,6,5,2,1,8,LDF,No Majority
G05001,Thalayazham,Kottayam,Grama Panchayat,16,10,5,0,1,9,LDF,LDF
G05002,Chempu,Kottayam,Grama Panchayat,16,7,9,0,0,9,UDF,UDF
G05003,Maravanthuruthu,Kottayam,Grama Panchayat,16,8,7,0,1,9,LDF,No Majority
G05004,T V Puram,Kottayam,Grama Panchayat,15,11,4,0,0,8,LDF,LDF
G05005,Vechoor,Kottayam,Grama Panchayat,14,9,4,0,1,8,LDF,LDF
G05006,Udayanapuram,Kottayam,Grama Panchayat,18,11,5,1,1,10,LDF,LDF
G05007,Kaduthuruthy,Kottayam,Grama Panchayat,20,7,9,1,3,11,UDF,No Majority
G05008,Kallara,Kottayam,Grama Panchayat,14,4,6,3,1,8,UDF,No Majority
G05009,Mulakkulam,Kottayam,Grama Panchayat,18,6,10,1,1,10,UDF,UDF
G05010,Njeezhoor,Kottayam,Grama Panchayat,15,2,11,0,2,8,UDF,UDF
G05011,Thalayolaparambu,Kottayam,Grama Panchayat,17,2,12,0,3,9,UDF,UDF
G05012,Velloor,Kottayam,Grama Panchayat,17,8,6,1,2,9,LDF,No Majority
G05013,Neendoor,Kottayam,Grama Panchayat,15,5,8,1,1,8,UDF,UDF
G05014,Kumarakom,Kottayam,Grama Panchayat,16,8,4,3,1,9,LDF,No Majority
G05015,Thiruvarppu,Kottayam,Grama Panchayat,19,13,5,0,1,10,LDF,LDF
G05016,Arpookkara,Kottayam,Grama Panchayat,17,1,13,2,1,9,UDF,UDF
G05017,Athirampuzha,Kottayam,Grama Panchayat,24,4,18,0,2,13,UDF,UDF
G05019,Aymanam,Kottayam,Grama Panchayat,21,7,5,9,0,11,NDA,No Majority
G05020,Kadaplamattom,Kottayam,Grama Panchayat,14,9,3,0,2,8,LDF,LDF
G05021,Marangattupally,Kottayam,Grama Panchayat,15,4,5,3,3,8,UDF,No Majority
G05022,Kanakkary,Kottayam,Grama Panchayat,17,4,10,3,0,9,UDF,UDF
G05023,Veliyannoor,Kottayam,Grama Panchayat,14,6,6,0,2,8,TIE,TIE
G05024,Kuravilangadu,Kottayam,Grama Panchayat,15,8,5,0,2,8,LDF,LDF
G05025,Uzhavoor,Kottayam,Grama Panchayat,14,2,8,2,2,8,UDF,UDF
G05026,Ramapuram,Kottayam,Grama Panchayat,19,5,11,2,1,10,UDF,UDF
G05027,Manjoor,Kottayam,Grama Panchayat,19,1,16,0,2,10,UDF,UDF
G05028,Bharananganam,Kottayam,Grama Panchayat,14,3,6,2,3,8,UDF,No Majority
G05029,Karoor,Kottayam,Grama Panchayat,17,5,6,0,6,9,TIE,TIE
G05030,Kozhuvanal,Kottayam,Grama Panchayat,14,3,7,0,4,8,UDF,No Majority
G05031,Kadanadu,Kottayam,Grama Panchayat,15,5,8,0,2,8,UDF,UDF
G05032,Meenachil,Kottayam,Grama Panchayat,14,3,6,3,2,8,UDF,No Majority
G05033,Mutholy,Kottayam,Grama Panchayat,14,9,1,2,2,8,LDF,LDF
G05034,Melukavu,Kottayam,Grama Panchayat,14,4,7,1,2,8,UDF,No Majority
G05035,Moonnilavu,Kottayam,Grama Panchayat,14,3,6,0,5,8,UDF,No Majority
G05036,Poonjar,Kottayam,Grama Panchayat,14,3,5,4,2,8,UDF,No Majority
G05037,Poonjar Thekkekkara,Kottayam,Grama Panchayat,15,5,2,7,1,8,NDA,No Majority
G05039,Teekoy,Kottayam,Grama Panchayat,14,5,5,1,3,8,TIE,TIE
G05040,Thalanadu,Kottayam,Grama Panchayat,14,6,2,1,5,8,LDF,No Majority
G05041,Thalappalam,Kottayam,Grama Panchayat,14,1,7,4,2,8,UDF,No Majority
G05042,Thidanadu,Kottayam,Grama Panchayat,16,4,6,4,2,9,UDF,No Majority
G05043,Akalakkunnam,Kottayam,Grama Panchayat,15,5,8,0,2,8,UDF,UDF
G05044,Elikkulam,Kottayam,Grama Panchayat,17,4,8,2,3,9,UDF,No Majority
G05045,Kooroppada,Kottayam,Grama Panchayat,19,6,7,3,3,10,UDF,No Majority
G05046,Pampady,Kottayam,Grama Panchayat,21,4,16,0,1,11,UDF,UDF
G05047,Pallickathodu,Kottayam,Grama Panchayat,15,5,6,4,0,8,UDF,No Majority
G05048,Manarcadu,Kottayam,Grama Panchayat,19,4,12,2,1,10,UDF,UDF
G05049,Kidangoor,Kottayam,Grama Panchayat,16,4,5,7,0,9,NDA,No Majority
G05050,Meenadom,Kottayam,Grama Panchayat,14,2,12,0,0,8,UDF,UDF
G05051,Madappally,Kottayam,Grama Panchayat,22,4,14,4,0,12,UDF,UDF
G05052,Paippadu,Kottayam,Grama Panchayat,17,6,4,1,6,9,TIE,TIE
G05053,Thrikkodithanam,Kottayam,Grama Panchayat,22,9,12,0,1,12,UDF,UDF
G05054,Vakathanam,Kottayam,Grama Panchayat,21,6,14,0,1,11,UDF,UDF
G05055,Vazhappally,Kottayam,Grama Panchayat,22,5,12,0,5,12,UDF,UDF
G05056,Chirakkadavu,Kottayam,Grama Panchayat,22,10,3,8,1,12,LDF,No Majority
G05057,Kangazha,Kottayam,Grama Panchayat,16,6,7,2,1,9,UDF,No Majority
G05058,Nedumkunnam,Kottayam,Grama Panchayat,16,6,8,0,2,9,UDF,No Majority
G05059,Vellavoor,Kottayam,Grama Panchayat,14,7,6,1,0,8,LDF,No Majority
G05060,Vazhoor,Kottayam,Grama Panchayat,18,11,5,2,0,10,LDF,LDF
G05061,Karukachal,Kottayam,Grama Panchayat,17,8,8,1,0,9,TIE,TIE
G05062,Manimala,Kottayam,Grama Panchayat,16,4,11,0,1,9,UDF,UDF
G05063,Erumely,Kottayam,Grama Panchayat,24,6,12,2,4,13,UDF,No Majority
G05064,Kanjirappally,Kottayam,Grama Panchayat,24,7,12,1,4,13,UDF,No Majority
G05065,Koottickal,Kottayam,Grama Panchayat,14,2,9,1,2,8,UDF,UDF
G05066,Mundakayam,Kottayam,Grama Panchayat,23,7,12,0,4,12,UDF,UDF
G05067,Koruthode,Kottayam,Grama Panchayat,14,7,4,2,1,8,LDF,No Majority
G05068,Parathodu,Kottayam,Grama Panchayat,21,10,8,1,2,11,LDF,No Majority
G05069,Kurichy,Kottayam,Grama Panchayat,22,15,7,0,0,12,LDF,LDF
G05070,Panachikadu,Kottayam,Grama Panchayat,24,10,9,3,2,13,LDF,No Majority
G05071,Puthuppally,Kottayam,Grama Panchayat,19,2,14,3,0,10,UDF,UDF
G05072,Vijayapuram,Kottayam,Grama Panchayat,20,3,13,2,2,11,UDF,UDF
G05073,Ayarkunnam,Kottayam,Grama Panchayat,21,4,14,3,0,11,UDF,UDF
G06001,Adimali,Idukki,Grama Panchayat,24,5,17,0,2,13,UDF,UDF
G06002,Konnathady,Idukki,Grama Panchayat,19,3,14,0,2,10,UDF,UDF
G06003,Baisonvalley,Idukki,Grama Panchayat,14,7,5,1,1,8,LDF,No Majority
G06004,Vellathooval,Idukki,Grama Panchayat,18,4,10,0,4,10,UDF,UDF
G06005,Pallivasal,Idukki,Grama Panchayat,14,6,6,0,2,8,TIE,TIE
G06006,Marayoor,Idukki,Grama Panchayat,14,4,10,0,0,8,UDF,UDF
G06007,Munnar,Idukki,Grama Panchayat,20,6,14,0,0,11,UDF,UDF
G06008,Kanthalloor,Idukki,Grama Panchayat,14,8,5,1,0,8,LDF,LDF
G06009,Vattavada,Idukki,Grama Panchayat,14,9,1,4,0,8,LDF,LDF
G06010,Santhanpara,Idukki,Grama Panchayat,14,11,3,0,0,8,LDF,LDF
G06011,Chinnakanal,Idukki,Grama Panchayat,14,9,3,1,1,8,LDF,LDF
G06012,Mankulam,Idukki,Grama Panchayat,14,3,10,0,1,8,UDF,UDF
G06013,Devikulam,Idukki,Grama Panchayat,17,10,7,0,0,9,LDF,LDF
G06014,Edamalakudy,Idukki,Grama Panchayat,14,9,2,3,0,8,LDF,LDF
G06015,Pampadumpara,Idukki,Grama Panchayat,16,3,13,0,0,9,UDF,UDF
G06016,Senapathy,Idukki,Grama Panchayat,14,11,3,0,0,8,LDF,LDF
G06017,Karunapuram,Idukki,Grama Panchayat,18,10,7,0,1,10,LDF,LDF
G06018,Rajakkad,Idukki,Grama Panchayat,14,3,10,0,1,8,UDF,UDF
G06019,Nedumkandom,Idukki,Grama Panchayat,24,6,15,1,2,13,UDF,UDF
G06020,Udumbanchola,Idukki,Grama Panchayat,14,11,2,0,1,8,LDF,LDF
G06021,Rajakumary,Idukki,Grama Panchayat,14,7,7,0,0,8,TIE,TIE
G06022,Vannappuram,Idukki,Grama Panchayat,19,2,14,0,3,10,UDF,UDF
G06023,Udumbannoor,Idukki,Grama Panchayat,17,1,14,0,2,9,UDF,UDF
G06024,Kodikulam,Idukki,Grama Panchayat,14,2,10,0,2,8,UDF,UDF
G06025,Alakode,Idukki,Grama Panchayat,14,4,8,0,2,8,UDF,UDF
G06026,Velliyamattom,Idukki,Grama Panchayat,16,2,11,1,2,9,UDF,UDF
G06027,Karimannoor,Idukki,Grama Panchayat,15,1,12,0,2,8,UDF,UDF
G06028,Kudayathoor,Idukki,Grama Panchayat,14,2,6,4,2,8,UDF,No Majority
G06029,Idukki-Kanjikuzhy,Idukki,Grama Panchayat,18,3,14,1,0,10,UDF,UDF
G06030,Vathikudy,Idukki,Grama Panchayat,19,2,16,0,1,10,UDF,UDF
G06031,Arakulam,Idukki,Grama Panchayat,15,3,10,2,0,8,UDF,UDF
G06032,Kamakshy,Idukki,Grama Panchayat,15,3,12,0,0,8,UDF,UDF
G06033,Vazhathope,Idukki,Grama Panchayat,15,5,10,0,0,8,UDF,UDF
G06034,Mariyapuram,Idukki,Grama Panchayat,14,2,12,0,0,8,UDF,UDF
G06036,Upputhara,Idukki,Grama Panchayat,18,8,8,1,1,10,TIE,TIE
G06037,Vandanmedu,Idukki,Grama Panchayat,20,6,9,2,3,11,UDF,No Majority
G06038,Kanchiyar,Idukki,Grama Panchayat,17,6,10,0,1,9,UDF,UDF
G06039,Erattayar,Idukki,Grama Panchayat,15,6,8,0,1,8,UDF,UDF
G06040,Ayyappancoil,Idukki,Grama Panchayat,14,5,9,0,0,8,UDF,UDF
G06041,Chakkupallam,Idukki,Grama Panchayat,16,5,11,0,0,9,UDF,UDF
G06042,Kumaramangalam,Idukki,Grama Panchayat,14,1,10,0,3,8,UDF,UDF
G06043,Muttom,Idukki,Grama Panchayat,14,4,5,0,5,8,TIE,TIE
G06044,Edavetty,Idukki,Grama Panchayat,14,4,7,2,1,8,UDF,No Majority
G06045,Karimkunnam,Idukki,Grama Panchayat,14,0,11,1,2,8,UDF,UDF
G06046,Manakkad,Idukki,Grama Panchayat,14,3,5,0,6,8,OTH,No Majority
G06047,Purapuzha,Idukki,Grama Panchayat,14,1,12,1,0,8,UDF,UDF
G06048,Peruvanthanam,Idukki,Grama Panchayat,14,4,10,0,0,8,UDF,UDF
G06049,Kumily,Idukki,Grama Panchayat,22,3,17,0,2,12,UDF,UDF
G06050,Kokkayar,Idukki,Grama Panchayat,14,6,7,0,1,8,UDF,No Majority
G06051,Peermade,Idukki,Grama Panchayat,16,6,10,0,0,9,UDF,UDF
G06052,Elappara,Idukki,Grama Panchayat,17,8,9,0,0,9,UDF,UDF
G06053,Vandiperiyar,Idukki,Grama Panchayat,24,14,8,1,1,13,LDF,LDF
G07001,Chendamangalam,Ernakulam,Grama Panchayat,19,7,9,0,3,10,UDF,No Majority
G07002,Kottuvally,Ernakulam,Grama Panchayat,24,5,10,3,6,13,UDF,No Majority
G07003,Ezhikkara,Ernakulam,Grama Panchayat,15,1,13,1,0,8,UDF,UDF
G07004,Vadakkekara,Ernakulam,Grama Panchayat,21,10,9,2,0,11,LDF,No Majority
G07005,Chittattukara,Ernakulam,Grama Panchayat,20,3,15,1,1,11,UDF,UDF
G07006,Karumalloor,Ernakulam,Grama Panchayat,22,6,13,3,0,12,UDF,UDF
G07007,Varapuzha,Ernakulam,Grama Panchayat,18,3,13,2,0,10,UDF,UDF
G07008,Alangad,Ernakulam,Grama Panchayat,24,5,18,0,1,13,UDF,UDF
G07009,Kadungalloor,Ernakulam,Grama Panchayat,24,6,13,1,4,13,UDF,UDF
G07010,Mookkanoor,Ernakulam,Grama Panchayat,15,1,13,0,1,8,UDF,UDF
G07011,Thuravoor,Ernakulam,Grama Panchayat,16,6,9,1,0,9,UDF,UDF
G07012,Manjapra,Ernakulam,Grama Panchayat,14,4,8,0,2,8,UDF,UDF
G07013,Karukutty,Ernakulam,Grama Panchayat,19,6,13,0,0,10,UDF,UDF
G07014,Ayyampuzha,Ernakulam,Grama Panchayat,14,9,5,0,0,8,LDF,LDF
G07015,Kanjoor,Ernakulam,Grama Panchayat,17,4,10,0,3,9,UDF,UDF
G07016,Kalady,Ernakulam,Grama Panchayat,19,2,11,0,6,10,UDF,UDF
G07017,Malayattoor- Neeleeswaram,Ernakulam,Grama Panchayat,18,2,12,0,4,10,UDF,UDF
G07018,Asamannur,Ernakulam,Grama Panchayat,15,3,10,1,1,8,UDF,UDF
G07019,Mudakkuzha,Ernakulam,Grama Panchayat,14,4,6,3,1,8,UDF,No Majority
G07020,Vengoor,Ernakulam,Grama Panchayat,16,3,11,0,2,9,UDF,UDF
G07021,Rayamangalam,Ernakulam,Grama Panchayat,22,8,14,0,0,12,UDF,UDF
G07022,Koovappady,Ernakulam,Grama Panchayat,22,5,10,4,3,12,UDF,No Majority
G07023,Okkal,Ernakulam,Grama Panchayat,17,5,9,0,3,9,UDF,UDF
G07024,Vengola,Ernakulam,Grama Panchayat,24,7,9,0,8,13,UDF,No Majority
G07025,Vazhakkulam,Ernakulam,Grama Panchayat,24,2,15,2,5,13,UDF,UDF
G07026,Kizhakkambalam,Ernakulam,Grama Panchayat,21,0,1,0,20,11,OTH,OTH
G07027,Choornikkara,Ernakulam,Grama Panchayat,21,5,13,0,3,11,UDF,UDF
G07028,Edathala,Ernakulam,Grama Panchayat,24,6,13,2,3,13,UDF,UDF
G07029,Keezhmadu,Ernakulam,Grama Panchayat,22,3,12,0,7,12,UDF,UDF
G07030,Kadamakkudy,Ernakulam,Grama Panchayat,14,2,7,0,5,8,UDF,No Majority
G07031,Cheranallur,Ernakulam,Grama Panchayat,20,1,12,3,4,11,UDF,UDF
G07032,Mulavukadu,Ernakulam,Grama Panchayat,16,4,9,1,2,9,UDF,UDF
G07033,Elamkunnapuzha,Ernakulam,Grama Panchayat,24,7,13,2,2,13,UDF,UDF
G07034,Njarakkal,Ernakulam,Grama Panchayat,17,5,8,1,3,9,UDF,No Majority
G07035,Nayarambalam,Ernakulam,Grama Panchayat,17,5,10,1,1,9,UDF,UDF
G07036,Edavanakad,Ernakulam,Grama Panchayat,16,9,6,1,0,9,LDF,LDF
G07037,Pallippuram,Ernakulam,Grama Panchayat,24,13,9,2,0,13,LDF,LDF
G07038,Kuzhuppilly,Ernakulam,Grama Panchayat,14,2,10,1,1,8,UDF,UDF
G07039,Chellanam,Ernakulam,Grama Panchayat,22,7,15,0,0,12,UDF,UDF
G07040,Kumbalanghy,Ernakulam,Grama Panchayat,19,2,14,0,3,10,UDF,UDF
G07041,Kumbalam,Ernakulam,Grama Panchayat,19,3,14,1,1,10,UDF,UDF
G07042,Udayamperoor,Ernakulam,Grama Panchayat,23,8,13,1,1,12,UDF,UDF
G07043,Mulamthuruthy,Ernakulam,Grama Panchayat,18,9,7,0,2,10,LDF,No Majority
G07044,Chottanikara,Ernakulam,Grama Panchayat,17,4,12,0,1,9,UDF,UDF
G07045,Edakkattuvayal,Ernakulam,Grama Panchayat,15,0,13,1,1,8,UDF,UDF
G07046,Amballur,Ernakulam,Grama Panchayat,18,9,8,0,1,10,LDF,No Majority
G07047,Maneedu,Ernakulam,Grama Panchayat,14,2,11,0,1,8,UDF,UDF
G07048,Poothrikka,Ernakulam,Grama Panchayat,16,2,7,0,7,9,TIE,TIE
G07049,Thiruvaniyoor,Ernakulam,Grama Panchayat,18,5,4,0,9,10,OTH,No Majority
G07050,Vadavucode-Puthencruz,Ernakulam,Grama Panchayat,17,8,7,0,2,9,LDF,No Majority
G07051,Mazhuvannur,Ernakulam,Grama Panchayat,21,3,7,1,10,11,OTH,No Majority
G07052,Aikkaranadu,Ernakulam,Grama Panchayat,16,0,0,0,16,9,OTH,OTH
G07053,Kunnathunad,Ernakulam,Grama Panchayat,21,1,11,0,9,11,UDF,UDF
G07054,Paingottoor,Ernakulam,Grama Panchayat,14,3,10,0,1,8,UDF,UDF
G07055,Nellikuzhy,Ernakulam,Grama Panchayat,24,6,13,2,3,13,UDF,UDF
G07056,Pindimana,Ernakulam,Grama Panchayat,14,3,8,2,1,8,UDF,UDF
G07057,Kavalangad,Ernakulam,Grama Panchayat,19,6,9,0,4,10,UDF,No Majority
G07058,Varapetty,Ernakulam,Grama Panchayat,15,4,9,1,1,8,UDF,UDF
G07059,Keerampara,Ernakulam,Grama Panchayat,14,2,12,0,0,8,UDF,UDF
G07060,Pothanikkad,Ernakulam,Grama Panchayat,14,2,6,0,6,8,TIE,TIE
G07061,Pallarimangalam,Ernakulam,Grama Panchayat,14,1,13,0,0,8,UDF,UDF
G07062,Kuttampuzha,Ernakulam,Grama Panchayat,17,4,12,0,1,9,UDF,UDF
G07063,Kottapady,Ernakulam,Grama Panchayat,15,0,11,0,4,8,UDF,UDF
G07064,Elanji,Ernakulam,Grama Panchayat,14,2,9,0,3,8,UDF,UDF
G07066,Thirumaradi,Ernakulam,Grama Panchayat,15,4,11,0,0,8,UDF,UDF
G07068,Palakuzha,Ernakulam,Grama Panchayat,14,1,13,0,0,8,UDF,UDF
G07069,Pampakuda,Ernakulam,Grama Panchayat,15,2,9,0,4,8,UDF,UDF
G07070,Ramamangalam,Ernakulam,Grama Panchayat,14,5,7,1,1,8,UDF,No Majority
G07071,Chengamanadu,Ernakulam,Grama Panchayat,19,5,6,6,2,10,TIE,TIE
G07072,Nedumbassery,Ernakulam,Grama Panchayat,20,5,14,0,1,11,UDF,UDF
G07073,Parakkadavu,Ernakulam,Grama Panchayat,20,7,10,1,2,11,UDF,No Majority
G07074,Kunnukara,Ernakulam,Grama Panchayat,16,5,9,1,1,9,UDF,UDF
G07075,Sreemoolanagaram,Ernakulam,Grama Panchayat,18,2,15,0,1,10,UDF,UDF
G07076,Puthenvelikara,Ernakulam,Grama Panchayat,19,8,10,0,1,10,UDF,UDF
G07077,Avoly,Ernakulam,Grama Panchayat,15,3,9,0,3,8,UDF,UDF
G07078,Arakkuzha,Ernakulam,Grama Panchayat,14,0,9,0,5,8,UDF,UDF
G07079,Paipra,Ernakulam,Grama Panchayat,24,4,18,0,2,13,UDF,UDF
G07080,Kalloorkad,Ernakulam,Grama Panchayat,14,4,5,0,5,8,TIE,TIE
G07081,Ayavana,Ernakulam,Grama Panchayat,16,2,11,0,3,9,UDF,UDF
G07082,Manjallur,Ernakulam,Grama Panchayat,14,2,8,1,3,8,UDF,UDF
G07083,Marady,Ernakulam,Grama Panchayat,14,3,9,0,2,8,UDF,UDF
G07084,Valakom,Ernakulam,Grama Panchayat,15,5,9,0,1,8,UDF,UDF
G08001,Kadappuram,Thrissur,Grama Panchayat,18,4,12,2,0,10,UDF,UDF
G08002,Orumanayoor,Thrissur,Grama Panchayat,14,2,10,1,1,8,UDF,UDF
G08003,Punnayoor,Thrissur,Grama Panchayat,22,5,17,0,0,12,UDF,UDF
G08004,Punnayoorkulam,Thrissur,Grama Panchayat,21,7,9,4,1,11,UDF,No Majority
G08005,Vadakkekkad,Thrissur,Grama Panchayat,18,6,12,0,0,10,UDF,UDF
G08006,Choondal,Thrissur,Grama Panchayat,20,13,7,0,0,11,LDF,LDF
G08007,Chowannur,Thrissur,Grama Panchayat,14,6,5,1,2,8,LDF,No Majority
G08008,Kadavalloor,Thrissur,Grama Panchayat,22,16,6,0,0,12,LDF,LDF
G08009,Kandanassery,Thrissur,Grama Panchayat,17,13,4,0,0,9,LDF,LDF
G08010,Kattakampal,Thrissur,Grama Panchayat,18,8,9,1,0,10,UDF,No Majority
G08011,Porkulam,Thrissur,Grama Panchayat,14,5,8,1,0,8,UDF,UDF
G08012,Kadangode,Thrissur,Grama Panchayat,21,11,8,1,1,11,LDF,LDF
G08013,Velur,Thrissur,Grama Panchayat,19,8,9,1,1,10,UDF,No Majority
G08014,Desamangalam,Thrissur,Grama Panchayat,16,6,10,0,0,9,UDF,UDF
G08015,Erumapetty,Thrissur,Grama Panchayat,19,10,8,0,1,10,LDF,LDF
G08017,Mullurkkara,Thrissur,Grama Panchayat,16,7,9,0,0,9,UDF,UDF
G08018,Thekkumkara,Thrissur,Grama Panchayat,19,10,6,2,1,10,LDF,LDF
G08019,Varavoor,Thrissur,Grama Panchayat,16,9,4,2,1,9,LDF,LDF
G08021,Chelakkara,Thrissur,Grama Panchayat,24,12,12,0,0,13,TIE,TIE
G08022,Vallathole Nagar,Thrissur,Grama Panchayat,18,14,1,1,2,10,LDF,LDF
G08023,Kondazhy,Thrissur,Grama Panchayat,16,7,2,6,1,9,LDF,No Majority
G08024,Panjal,Thrissur,Grama Panchayat,18,9,5,2,2,10,LDF,No Majority
G08025,Pazhayannur,Thrissur,Grama Panchayat,24,12,9,3,0,13,LDF,No Majority
G08026,Thiruvilwamala,Thrissur,Grama Panchayat,19,7,0,10,2,10,NDA,NDA
G08027,Madakkathara,Thrissur,Grama Panchayat,18,15,2,1,0,10,LDF,LDF
G08028,Nadathara,Thrissur,Grama Panchayat,20,11,9,0,0,11,LDF,LDF
G08029,Pananchery,Thrissur,Grama Panchayat,24,10,13,0,1,13,UDF,UDF
G08030,Puthur,Thrissur,Grama Panchayat,24,10,13,1,0,13,UDF,UDF
G08031,Adat,Thrissur,Grama Panchayat,20,7,9,4,0,11,UDF,No Majority
G08032,Avanur,Thrissur,Grama Panchayat,16,8,5,1,2,9,LDF,No Majority
G08033,Kaiparambu,Thrissur,Grama Panchayat,20,7,10,3,0,11,UDF,No Majority
G08034,Mulamkunnathukavu,Thrissur,Grama Panchayat,16,8,7,1,0,9,LDF,No Majority
G08035,Tholur,Thrissur,Grama Panchayat,15,5,8,1,1,8,UDF,UDF
G08036,Kolazhy,Thrissur,Grama Panchayat,20,7,11,2,0,11,UDF,UDF
G08037,Elavally,Thrissur,Grama Panchayat,18,11,5,1,1,10,LDF,LDF
G08038,Mullassery,Thrissur,Grama Panchayat,16,11,1,2,2,9,LDF,LDF
G08039,Pavaratty,Thrissur,Grama Panchayat,16,1,12,2,1,9,UDF,UDF
G08040,Venkitangu,Thrissur,Grama Panchayat,18,6,11,0,1,10,UDF,UDF
G08041,Engandiyoor,Thrissur,Grama Panchayat,17,7,6,4,0,9,LDF,No Majority
G08042,Vadanappilly,Thrissur,Grama Panchayat,20,10,2,6,2,11,LDF,No Majority
G08043,Thalikulam,Thrissur,Grama Panchayat,18,5,5,4,4,10,TIE,TIE
G08044,Nattika,Thrissur,Grama Panchayat,15,4,8,3,0,8,UDF,UDF
G08045,Valappad,Thrissur,Grama Panchayat,22,9,7,5,1,12,LDF,No Majority
G08046,Edathiruthy,Thrissur,Grama Panchayat,19,14,5,0,0,10,LDF,LDF
G08047,Kaipamangalam,Thrissur,Grama Panchayat,22,5,16,1,0,12,UDF,UDF
G08048,Mathilakam,Thrissur,Grama Panchayat,19,12,4,1,2,10,LDF,LDF
G08049,Perinjanam,Thrissur,Grama Panchayat,16,13,1,2,0,9,LDF,LDF
G08050,Sree Narayanapuram,Thrissur,Grama Panchayat,23,13,5,5,0,12,LDF,LDF
G08051,Edavilangu,Thrissur,Grama Panchayat,16,10,0,6,0,9,LDF,LDF
G08052,Eriyad,Thrissur,Grama Panchayat,24,17,5,0,2,13,LDF,LDF
G08053,Anthikkad,Thrissur,Grama Panchayat,16,8,6,1,1,9,LDF,No Majority
G08054,Thanniam,Thrissur,Grama Panchayat,19,17,1,1,0,10,LDF,LDF
G08055,Chazhur,Thrissur,Grama Panchayat,19,12,6,1,0,10,LDF,LDF
G08056,Manalur,Thrissur,Grama Panchayat,21,14,6,1,0,11,LDF,LDF
G08057,Arimbur,Thrissur,Grama Panchayat,20,8,10,0,2,11,UDF,No Majority
G08058,Avinissery,Thrissur,Grama Panchayat,16,2,7,7,0,9,TIE,TIE
G08059,Cherpu,Thrissur,Grama Panchayat,22,6,11,4,1,12,UDF,No Majority
G08060,Paralam,Thrissur,Grama Panchayat,17,5,6,6,0,9,TIE,TIE
G08061,Vallachira,Thrissur,Grama Panchayat,16,6,4,6,0,9,TIE,TIE
G08062,Alagappanagar,Thrissur,Grama Panchayat,19,7,12,0,0,10,UDF,UDF
G08063,Kodakara,Thrissur,Grama Panchayat,20,7,7,5,1,11,TIE,TIE
G08064,Mattathur,Thrissur,Grama Panchayat,24,10,8,4,2,13,LDF,No Majority
G08065,Nenmanikkara,Thrissur,Grama Panchayat,16,13,2,0,1,9,LDF,LDF
G08066,Pudukkad,Thrissur,Grama Panchayat,17,4,8,4,1,9,UDF,No Majority
G08067,Thrikkur,Thrissur,Grama Panchayat,19,6,12,1,0,10,UDF,UDF
G08068,Varantharappilly,Thrissur,Grama Panchayat,24,7,10,5,2,13,UDF,No Majority
G08069,Karalam,Thrissur,Grama Panchayat,16,8,2,6,0,9,LDF,No Majority
G08070,Kattoor,Thrissur,Grama Panchayat,15,10,5,0,0,8,LDF,LDF
G08071,Muriyad,Thrissur,Grama Panchayat,18,11,5,1,1,10,LDF,LDF
G08072,Parappookkara,Thrissur,Grama Panchayat,19,9,5,2,3,10,LDF,No Majority
G08073,Padiyoor,Thrissur,Grama Panchayat,15,7,3,5,0,8,LDF,No Majority
G08074,Poomangalam,Thrissur,Grama Panchayat,14,8,4,1,1,8,LDF,LDF
G08075,Puthenchira,Thrissur,Grama Panchayat,16,10,5,1,0,9,LDF,LDF
G08076,Vellangalur,Thrissur,Grama Panchayat,23,10,11,2,0,12,UDF,No Majority
G08077,Velookkara,Thrissur,Grama Panchayat,19,12,6,1,0,10,LDF,LDF
G08078,Aloor,Thrissur,Grama Panchayat,24,6,17,1,0,13,UDF,UDF
G08079,Annamanada,Thrissur,Grama Panchayat,20,5,14,0,1,11,UDF,UDF
G08080,Kuzhur,Thrissur,Grama Panchayat,15,2,11,2,0,8,UDF,UDF
G08081,Mala,Thrissur,Grama Panchayat,21,8,8,4,1,11,TIE,TIE
G08082,Poyya,Thrissur,Grama Panchayat,16,6,9,0,1,9,UDF,UDF
G08083,Kadukutty,Thrissur,Grama Panchayat,18,2,16,0,0,10,UDF,UDF
G08084,Kodassery,Thrissur,Grama Panchayat,21,8,11,1,1,11,UDF,UDF
G08085,Koratty,Thrissur,Grama Panchayat,21,3,13,0,5,11,UDF,UDF
G08086,Meloor,Thrissur,Grama Panchayat,19,10,6,2,1,10,LDF,LDF
G08087,Pariyaram,Thrissur,Grama Panchayat,17,9,8,0,0,9,LDF,LDF
G08088,Athirappilly,Thrissur,Grama Panchayat,14,8,4,2,0,8,LDF,LDF
G09001,Anakkara,Palakkad,Grama Panchayat,17,7,8,1,1,9,UDF,No Majority
G09002,Chalissery,Palakkad,Grama Panchayat,17,8,9,0,0,9,UDF,UDF
G09003,Kappoor,Palakkad,Grama Panchayat,20,6,12,0,2,11,UDF,UDF
G09004,Nagalassery,Palakkad,Grama Panchayat,19,16,3,0,0,10,LDF,LDF
G09005,Pattithara,Palakkad,Grama Panchayat,21,8,13,0,0,11,UDF,UDF
G09006,Thirumittakode,Palakkad,Grama Panchayat,20,11,9,0,0,11,LDF,LDF
G09007,Thrithala,Palakkad,Grama Panchayat,19,6,13,0,0,10,UDF,UDF
G09008,Koppam,Palakkad,Grama Panchayat,20,9,6,0,5,11,LDF,No Majority
G09009,Kulukkallur,Palakkad,Grama Panchayat,19,5,9,0,5,10,UDF,No Majority
G09010,Muthuthala,Palakkad,Grama Panchayat,17,7,9,0,1,9,UDF,UDF
G09011,Ongallur,Palakkad,Grama Panchayat,24,10,8,0,6,13,LDF,No Majority
G09013,Thiruvegappura,Palakkad,Grama Panchayat,21,5,15,0,1,11,UDF,UDF
G09014,Vilayur,Palakkad,Grama Panchayat,17,3,7,0,7,9,TIE,TIE
G09015,Paruthur,Palakkad,Grama Panchayat,18,10,8,0,0,10,LDF,LDF
G09016,Ambalapara,Palakkad,Grama Panchayat,23,17,1,3,2,12,LDF,LDF
G09017,Ananganadi,Palakkad,Grama Panchayat,17,9,7,1,0,9,LDF,LDF
G09018,Chalavara,Palakkad,Grama Panchayat,17,8,8,1,0,9,TIE,TIE
G09019,Lekkidi-Perur,Palakkad,Grama Panchayat,21,13,2,3,3,11,LDF,LDF
G09020,Vaniyamkulam,Palakkad,Grama Panchayat,20,14,0,6,0,11,LDF,LDF
G09021,Thrikkadeiri,Palakkad,Grama Panchayat,16,8,3,2,3,9,LDF,No Majority
G09022,Vallapuzha,Palakkad,Grama Panchayat,19,6,11,0,2,10,UDF,UDF
G09023,Nellaya,Palakkad,Grama Panchayat,22,8,10,0,4,12,UDF,No Majority
G09025,Kadampazhipuram,Palakkad,Grama Panchayat,20,15,4,1,0,11,LDF,LDF
G09026,Karimpuzha,Palakkad,Grama Panchayat,20,4,12,2,2,11,UDF,UDF
G09027,Sreekrishnapuram,Palakkad,Grama Panchayat,16,12,3,1,0,9,LDF,LDF
G09028,Vellinezhi,Palakkad,Grama Panchayat,14,12,2,0,0,8,LDF,LDF
G09029,Karakurissi,Palakkad,Grama Panchayat,19,6,9,1,3,10,UDF,No Majority
G09030,Thachanattukara,Palakkad,Grama Panchayat,18,3,13,0,2,10,UDF,UDF
G09031,Pookkottukavu,Palakkad,Grama Panchayat,14,12,2,0,0,8,LDF,LDF
G09032,Alanallur,Palakkad,Grama Panchayat,24,4,18,0,2,13,UDF,UDF
G09033,Karimba,Palakkad,Grama Panchayat,18,7,8,2,1,10,UDF,No Majority
G09034,Kottoppadam,Palakkad,Grama Panchayat,24,3,18,0,3,13,UDF,UDF
G09035,Kumaramputhur,Palakkad,Grama Panchayat,21,10,8,0,3,11,LDF,No Majority
G09036,Kanjirapuzha,Palakkad,Grama Panchayat,21,6,7,2,6,11,UDF,No Majority
G09038,Thachampara,Palakkad,Grama Panchayat,15,2,9,0,4,8,UDF,UDF
G09039,Thenkara,Palakkad,Grama Panchayat,18,7,7,3,1,10,TIE,TIE
G09040,Agali,Palakkad,Grama Panchayat,21,9,10,2,0,11,UDF,No Majority
G09041,Pudur,Palakkad,Grama Panchayat,14,0,6,8,0,8,NDA,NDA
G09042,Sholayur,Palakkad,Grama Panchayat,14,3,11,0,0,8,UDF,UDF
G09043,Pirayiri,Palakkad,Grama Panchayat,24,8,11,4,1,13,UDF,No Majority
G09044,Mundur,Palakkad,Grama Panchayat,20,16,2,2,0,11,LDF,LDF
G09045,Kongad,Palakkad,Grama Panchayat,20,16,4,0,0,11,LDF,LDF
G09046,Keralasseri,Palakkad,Grama Panchayat,14,12,0,2,0,8,LDF,LDF
G09047,Mannur,Palakkad,Grama Panchayat,15,7,3,2,3,8,LDF,No Majority
G09048,Mankara,Palakkad,Grama Panchayat,15,11,2,2,0,8,LDF,LDF
G09049,Parli,Palakkad,Grama Panchayat,21,8,5,8,0,11,TIE,TIE
G09050,Kottayi,Palakkad,Grama Panchayat,16,6,6,4,0,9,TIE,TIE
G09051,Kuthanur,Palakkad,Grama Panchayat,17,7,9,1,0,9,UDF,UDF
G09052,Kuzhalmannam,Palakkad,Grama Panchayat,18,11,7,0,0,10,LDF,LDF
G09053,Mathur,Palakkad,Grama Panchayat,18,8,8,2,0,10,TIE,TIE
G09054,Peringottukurissi,Palakkad,Grama Panchayat,18,5,7,2,4,10,UDF,No Majority
G09055,Thenkurissi,Palakkad,Grama Panchayat,18,13,1,4,0,10,LDF,LDF
G09056,Kannadi,Palakkad,Grama Panchayat,17,12,5,0,0,9,LDF,LDF
G09057,Eruthempathy,Palakkad,Grama Panchayat,15,5,5,3,2,8,TIE,TIE
G09058,Kozhinjampara,Palakkad,Grama Panchayat,19,4,13,2,0,10,UDF,UDF
G09059,Nalleppilly,Palakkad,Grama Panchayat,21,16,2,3,0,11,LDF,LDF
G09060,Perumatty,Palakkad,Grama Panchayat,20,17,3,0,0,11,LDF,LDF
G09061,Vadakarapathy,Palakkad,Grama Panchayat,18,4,10,0,4,10,UDF,UDF
G09062,Elappully,Palakkad,Grama Panchayat,23,14,4,5,0,12,LDF,LDF
G09063,Polpully,Palakkad,Grama Panchayat,14,9,5,0,0,8,LDF,LDF
G09064,Kollengode,Palakkad,Grama Panchayat,19,12,3,4,0,10,LDF,LDF
G09065,Koduvayur,Palakkad,Grama Panchayat,19,9,4,5,1,10,LDF,No Majority
G09066,Muthalamada,Palakkad,Grama Panchayat,22,14,2,5,1,12,LDF,LDF
G09067,Pudunagaram,Palakkad,Grama Panchayat,15,4,9,2,0,8,UDF,UDF
G09068,Vadavannur,Palakkad,Grama Panchayat,14,5,7,2,0,8,UDF,No Majority
G09069,Peruvemba,Palakkad,Grama Panchayat,15,9,5,0,1,8,LDF,LDF
G09070,Pattanchery,Palakkad,Grama Panchayat,18,8,9,1,0,10,UDF,No Majority
G09071,Ayiloor,Palakkad,Grama Panchayat,19,8,8,2,1,10,TIE,TIE
G09072,Nelliyampathy,Palakkad,Grama Panchayat,14,9,2,1,2,8,LDF,LDF
G09073,Elavanchery,Palakkad,Grama Panchayat,15,11,3,1,0,8,LDF,LDF
G09074,Pallassana,Palakkad,Grama Panchayat,17,11,4,2,0,9,LDF,LDF
G09075,Melarcode,Palakkad,Grama Panchayat,18,9,7,1,1,10,LDF,No Majority
G09076,Nemmara,Palakkad,Grama Panchayat,22,5,13,3,1,12,UDF,UDF
G09077,Vandazhi,Palakkad,Grama Panchayat,20,11,6,2,1,11,LDF,LDF
G09078,Akathethara,Palakkad,Grama Panchayat,19,8,1,10,0,10,NDA,NDA
G09079,Malampuzha,Palakkad,Grama Panchayat,14,6,3,5,0,8,LDF,No Majority
G09080,Marutha Road,Palakkad,Grama Panchayat,21,8,12,1,0,11,UDF,UDF
G09081,Puduppariyaram,Palakkad,Grama Panchayat,23,14,7,2,0,12,LDF,LDF
G09082,Pudusserri,Palakkad,Grama Panchayat,24,17,6,1,0,13,LDF,LDF
G09083,Kodumba,Palakkad,Grama Panchayat,17,10,4,3,0,9,LDF,LDF
G09084,Alathur,Palakkad,Grama Panchayat,18,12,5,0,1,10,LDF,LDF
G09085,Erimayoor,Palakkad,Grama Panchayat,20,15,5,0,0,11,LDF,LDF
G09086,Kavassery,Palakkad,Grama Panchayat,19,12,6,1,0,10,LDF,LDF
G09087,Kizhakkanchery,Palakkad,Grama Panchayat,24,17,7,0,0,13,LDF,LDF
G09088,Puthukode,Palakkad,Grama Panchayat,16,5,10,1,0,9,UDF,UDF
G09089,Tarur,Palakkad,Grama Panchayat,18,8,7,3,0,10,LDF,No Majority
G09090,Vadakkenchery,Palakkad,Grama Panchayat,22,9,9,3,1,12,TIE,TIE
G09091,Kannambra,Palakkad,Grama Panchayat,18,18,0,0,0,10,LDF,LDF
G10001,Vazhikkadavu,Malappuram,Grama Panchayat,24,5,15,0,4,13,UDF,UDF
G10002,Pothukal,Malappuram,Grama Panchayat,19,2,11,0,6,10,UDF,UDF
G10003,Edakkara,Malappuram,Grama Panchayat,19,4,12,0,3,10,UDF,UDF
G10004,Moothedam,Malappuram,Grama Panchayat,18,1,16,0,1,10,UDF,UDF
G10005,Chungathara,Malappuram,Grama Panchayat,22,4,15,1,2,12,UDF,UDF
G10006,Chaliyar,Malappuram,Grama Panchayat,16,4,11,0,1,9,UDF,UDF
G10008,Cherukavu,Malappuram,Grama Panchayat,22,6,14,1,1,12,UDF,UDF
G10009,Pallikkal,Malappuram,Grama Panchayat,24,1,22,0,1,13,UDF,UDF
G10010,Vazhayur,Malappuram,Grama Panchayat,20,10,6,0,4,11,LDF,No Majority
G10011,Vazhakkad,Malappuram,Grama Panchayat,22,1,16,0,5,12,UDF,UDF
G10012,Pulikkal,Malappuram,Grama Panchayat,24,1,21,0,2,13,UDF,UDF
G10014,Muthuvallur,Malappuram,Grama Panchayat,18,2,12,0,4,10,UDF,UDF
G10015,Chelembra,Malappuram,Grama Panchayat,21,2,17,2,0,11,UDF,UDF
G10016,Wandoor,Malappuram,Grama Panchayat,24,8,11,0,5,13,UDF,No Majority
G10017,Thiruvali,Malappuram,Grama Panchayat,19,6,8,0,5,10,UDF,No Majority
G10018,Mampad,Malappuram,Grama Panchayat,22,4,14,0,4,12,UDF,UDF
G10019,Porur,Malappuram,Grama Panchayat,19,5,12,0,2,10,UDF,UDF
G10020,Pandikkad,Malappuram,Grama Panchayat,24,6,17,0,1,13,UDF,UDF
G10021,Thrikkalangode,Malappuram,Grama Panchayat,24,4,16,0,4,13,UDF,UDF
G10022,Kalikavu,Malappuram,Grama Panchayat,22,3,19,0,0,12,UDF,UDF
G10023,Chokkad,Malappuram,Grama Panchayat,20,4,13,0,3,11,UDF,UDF
G10024,Karuvarakundu,Malappuram,Grama Panchayat,24,2,19,0,3,13,UDF,UDF
G10025,Thuvvur,Malappuram,Grama Panchayat,19,4,12,0,3,10,UDF,UDF
G10026,Amarambalam,Malappuram,Grama Panchayat,22,4,16,0,2,12,UDF,UDF
G10027,Karulai,Malappuram,Grama Panchayat,17,5,9,0,3,9,UDF,UDF
G10028,Edapatta,Malappuram,Grama Panchayat,17,3,13,0,1,9,UDF,UDF
G10029,Areacode,Malappuram,Grama Panchayat,20,4,13,0,3,11,UDF,UDF
G10030,Urangattiri,Malappuram,Grama Panchayat,24,5,15,0,4,13,UDF,UDF
G10031,Kavannur,Malappuram,Grama Panchayat,23,5,17,0,1,12,UDF,UDF
G10032,Keezhuparamba,Malappuram,Grama Panchayat,16,3,9,0,4,9,UDF,UDF
G10033,Kuzhimanna,Malappuram,Grama Panchayat,21,0,20,0,1,11,UDF,UDF
G10034,Cheacode,Malappuram,Grama Panchayat,21,1,14,0,6,11,UDF,UDF
G10035,Pulpetta,Malappuram,Grama Panchayat,24,4,17,0,3,13,UDF,UDF
G10036,Edavanna,Malappuram,Grama Panchayat,24,3,16,0,5,13,UDF,UDF
G10037,Anakayam,Malappuram,Grama Panchayat,24,2,19,0,3,13,UDF,UDF
G10038,Morayur,Malappuram,Grama Panchayat,21,0,20,0,1,11,UDF,UDF
G10039,Ponmala,Malappuram,Grama Panchayat,21,2,15,0,4,11,UDF,UDF
G10040,Pookkottur,Malappuram,Grama Panchayat,23,1,21,0,1,12,UDF,UDF
G10041,Othukkungal,Malappuram,Grama Panchayat,23,1,15,0,7,12,UDF,UDF
G10042,Kodur,Malappuram,Grama Panchayat,23,1,18,0,4,12,UDF,UDF
G10043,Aliparamba,Malappuram,Grama Panchayat,24,4,15,0,5,13,UDF,UDF
G10044,Elamkulam,Malappuram,Grama Panchayat,18,8,7,0,3,10,LDF,No Majority
G10045,Melattur,Malappuram,Grama Panchayat,18,6,11,0,1,10,UDF,UDF
G10046,Keezhattur,Malappuram,Grama Panchayat,22,2,17,0,3,12,UDF,UDF
G10047,Thazhekkode,Malappuram,Grama Panchayat,24,7,16,0,1,13,UDF,UDF
G10048,Vettathur,Malappuram,Grama Panchayat,19,4,12,0,3,10,UDF,UDF
G10049,Pulamanthole,Malappuram,Grama Panchayat,23,8,8,0,7,12,TIE,TIE
G10050,Angadippuram,Malappuram,Grama Panchayat,24,5,13,1,5,13,UDF,UDF
G10051,Kuruva,Malappuram,Grama Panchayat,24,3,17,0,4,13,UDF,UDF
G10052,Koottilangadi,Malappuram,Grama Panchayat,22,2,16,0,4,12,UDF,UDF
G10053,Puzhakkatiri,Malappuram,Grama Panchayat,19,1,16,0,2,10,UDF,UDF
G10054,Moorkanad,Malappuram,Grama Panchayat,22,7,11,1,3,12,UDF,No Majority
G10055,Makkaraparamba,Malappuram,Grama Panchayat,15,0,9,0,6,8,UDF,UDF
G10056,Mankada,Malappuram,Grama Panchayat,21,4,15,0,2,11,UDF,UDF
G10057,Athavanad,Malappuram,Grama Panchayat,24,2,19,0,3,13,UDF,UDF
G10058,Edayur,Malappuram,Grama Panchayat,22,4,16,0,2,12,UDF,UDF
G10059,Irumbiliyum,Malappuram,Grama Panchayat,20,2,15,0,3,11,UDF,UDF
G10060,Marakkara,Malappuram,Grama Panchayat,24,3,16,0,5,13,UDF,UDF
G10061,Kuttippuram,Malappuram,Grama Panchayat,24,1,18,0,5,13,UDF,UDF
G10063,Kalpakancheri,Malappuram,Grama Panchayat,21,1,16,0,4,11,UDF,UDF
G10065,Ponmundam,Malappuram,Grama Panchayat,18,0,4,0,14,10,OTH,OTH
G10066,Cheriyamundam,Malappuram,Grama Panchayat,20,1,17,0,2,11,UDF,UDF
G10067,Ozhoor,Malappuram,Grama Panchayat,21,8,10,1,2,11,UDF,No Majority
G10068,Niramaruthoor,Malappuram,Grama Panchayat,19,11,8,0,0,10,LDF,LDF
G10069,Thanalur,Malappuram,Grama Panchayat,24,7,14,0,3,13,UDF,UDF
G10070,Valavannur,Malappuram,Grama Panchayat,21,4,15,0,2,11,UDF,UDF
G10071,Perumanna Clari,Malappuram,Grama Panchayat,18,0,12,0,6,10,UDF,UDF
G10072,Abdurehman Nagar,Malappuram,Grama Panchayat,24,0,22,0,2,13,UDF,UDF
G10073,Parappur,Malappuram,Grama Panchayat,22,0,17,0,5,12,UDF,UDF
G10074,Thennela,Malappuram,Grama Panchayat,19,1,14,0,4,10,UDF,UDF
G10075,Vengara,Malappuram,Grama Panchayat,24,0,20,0,4,13,UDF,UDF
G10076,Kannamangalam,Malappuram,Grama Panchayat,24,0,20,0,4,13,UDF,UDF
G10077,Oorakam,Malappuram,Grama Panchayat,19,0,16,0,3,10,UDF,UDF
G10078,Edarikkode,Malappuram,Grama Panchayat,18,3,14,0,1,10,UDF,UDF
G10080,Nannambra,Malappuram,Grama Panchayat,24,0,17,0,7,13,UDF,UDF
G10081,Moonniyur,Malappuram,Grama Panchayat,24,3,20,0,1,13,UDF,UDF
G10082,Thenhippalam,Malappuram,Grama Panchayat,20,2,18,0,0,11,UDF,UDF
G10084,Vallikkunnu,Malappuram,Grama Panchayat,24,7,12,1,4,13,UDF,No Majority
G10085,Peruvallur,Malappuram,Grama Panchayat,21,0,20,1,0,11,UDF,UDF
G10086,Purathur,Malappuram,Grama Panchayat,20,9,10,0,1,11,UDF,No Majority
G10087,Mangalam,Malappuram,Grama Panchayat,21,3,16,0,2,11,UDF,UDF
G10088,Thriprangode,Malappuram,Grama Panchayat,24,10,14,0,0,13,UDF,UDF
G10089,Vettom,Malappuram,Grama Panchayat,22,4,15,0,3,12,UDF,UDF
G10090,Thalakkad,Malappuram,Grama Panchayat,22,7,11,1,3,12,UDF,No Majority
G10091,Thirunavaya,Malappuram,Grama Panchayat,24,5,16,0,3,13,UDF,UDF
G10092,Thavanur,Malappuram,Grama Panchayat,21,8,11,0,2,11,UDF,UDF
G10093,Vattamkulam,Malappuram,Grama Panchayat,22,6,13,0,3,12,UDF,UDF
G10094,Edappal,Malappuram,Grama Panchayat,21,7,7,5,2,11,TIE,TIE
G10095,Kalady,Malappuram,Grama Panchayat,18,4,13,0,1,10,UDF,UDF
G10096,Alamkode,Malappuram,Grama Panchayat,21,5,14,0,2,11,UDF,UDF
G10097,Maranchery,Malappuram,Grama Panchayat,22,10,11,0,1,12,UDF,No Majority
G10098,Nannamukku,Malappuram,Grama Panchayat,19,6,11,1,1,10,UDF,UDF
G10099,Perumbadappu,Malappuram,Grama Panchayat,19,6,12,0,1,10,UDF,UDF
G10100,Veliyancode,Malappuram,Grama Panchayat,21,11,10,0,0,11,LDF,LDF
G11001,Azhiyur,Kozhikkode,Grama Panchayat,20,7,7,2,4,11,TIE,TIE
G11002,Chorode,Kozhikkode,Grama Panchayat,23,13,6,1,3,12,LDF,LDF
G11003,Eramala,Kozhikkode,Grama Panchayat,21,8,7,0,6,11,LDF,No Majority
G11004,Onchiyam,Kozhikkode,Grama Panchayat,19,7,5,0,7,10,TIE,TIE
G11005,Chekkiad,Kozhikkode,Grama Panchayat,17,1,15,0,1,9,UDF,UDF
G11006,Purameri,Kozhikkode,Grama Panchayat,19,7,12,0,0,10,UDF,UDF
G11007,Thuneri,Kozhikkode,Grama Panchayat,17,5,12,0,0,9,UDF,UDF
G11008,Valayam,Kozhikkode,Grama Panchayat,15,11,4,0,0,8,LDF,LDF
G11009,Vanimel,Kozhikkode,Grama Panchayat,18,9,8,0,1,10,LDF,No Majority
G11010,Edacheri,Kozhikkode,Grama Panchayat,18,14,4,0,0,10,LDF,LDF
G11011,Nadapuram,Kozhikkode,Grama Panchayat,24,5,17,0,2,13,UDF,UDF
G11012,Kunnummal,Kozhikkode,Grama Panchayat,15,9,6,0,0,8,LDF,LDF
G11013,Velom,Kozhikkode,Grama Panchayat,18,4,13,0,1,10,UDF,UDF
G11014,Kayakkodi,Kozhikkode,Grama Panchayat,17,8,9,0,0,9,UDF,UDF
G11015,Kavilumpara,Kozhikkode,Grama Panchayat,17,10,7,0,0,9,LDF,LDF
G11016,Kuttiady,Kozhikkode,Grama Panchayat,15,8,7,0,0,8,LDF,LDF
G11017,Maruthonkara,Kozhikkode,Grama Panchayat,15,9,5,0,1,8,LDF,LDF
G11018,Naripatta,Kozhikkode,Grama Panchayat,18,12,5,0,1,10,LDF,LDF
G11019,Ayancheri,Kozhikkode,Grama Panchayat,18,6,12,0,0,10,UDF,UDF
G11020,Villiappally,Kozhikkode,Grama Panchayat,21,12,9,0,0,11,LDF,LDF
G11021,Maniyur,Kozhikkode,Grama Panchayat,23,11,10,0,2,12,LDF,No Majority
G11022,Thiruvallur,Kozhikkode,Grama Panchayat,22,11,11,0,0,12,TIE,TIE
G11023,Thurayur,Kozhikkode,Grama Panchayat,14,5,9,0,0,8,UDF,UDF
G11024,Keezhariyur,Kozhikkode,Grama Panchayat,14,9,5,0,0,8,LDF,LDF
G11025,Thikkodi,Kozhikkode,Grama Panchayat,18,5,12,0,1,10,UDF,UDF
G11027,Meppayur,Kozhikkode,Grama Panchayat,19,13,6,0,0,10,LDF,LDF
G11028,Cheruvannur,Kozhikkode,Grama Panchayat,17,5,12,0,0,9,UDF,UDF
G11029,Nochad,Kozhikkode,Grama Panchayat,18,12,6,0,0,10,LDF,LDF
G11030,Changaroth,Kozhikkode,Grama Panchayat,20,1,17,0,2,11,UDF,UDF
G11031,Kayanna,Kozhikkode,Grama Panchayat,14,10,3,0,1,8,LDF,LDF
G11032,Koothali,Kozhikkode,Grama Panchayat,14,2,10,0,2,8,UDF,UDF
G11033,Perambra,Kozhikkode,Grama Panchayat,21,8,10,1,2,11,UDF,No Majority
G11034,Chakkittappara,Kozhikkode,Grama Panchayat,16,7,9,0,0,9,UDF,UDF
G11035,Balussery,Kozhikkode,Grama Panchayat,18,7,7,2,2,10,TIE,TIE
G11036,Naduvannur,Kozhikkode,Grama Panchayat,18,7,10,0,1,10,UDF,UDF
G11037,Kottur,Kozhikkode,Grama Panchayat,20,10,7,0,3,11,LDF,No Majority
G11038,Ulliyeri,Kozhikkode,Grama Panchayat,21,15,6,0,0,11,LDF,LDF
G11039,Unnikulam,Kozhikkode,Grama Panchayat,24,9,13,2,0,13,UDF,UDF
G11040,Panangad,Kozhikkode,Grama Panchayat,21,13,8,0,0,11,LDF,LDF
G11041,Koorachundu,Kozhikkode,Grama Panchayat,14,4,9,0,1,8,UDF,UDF
G11042,Chemanchery,Kozhikkode,Grama Panchayat,21,9,10,1,1,11,UDF,No Majority
G11043,Arikkulam,Kozhikkode,Grama Panchayat,15,8,5,0,2,8,LDF,LDF
G11044,Moodadi,Kozhikkode,Grama Panchayat,20,10,9,0,1,11,LDF,No Majority
G11045,Chengottukave,Kozhikkode,Grama Panchayat,18,5,9,4,0,10,UDF,No Majority
G11046,Atholi,Kozhikkode,Grama Panchayat,19,12,6,0,1,10,LDF,LDF
G11047,Kakkodi,Kozhikkode,Grama Panchayat,24,17,6,0,1,13,LDF,LDF
G11048,Chelannur,Kozhikkode,Grama Panchayat,24,12,11,0,1,13,LDF,No Majority
G11049,Kakkur,Kozhikkode,Grama Panchayat,17,5,10,1,1,9,UDF,UDF
G11050,Nanmanda,Kozhikkode,Grama Panchayat,18,8,8,2,0,10,TIE,TIE
G11051,Narikkuni,Kozhikkode,Grama Panchayat,17,2,13,0,2,9,UDF,UDF
G11052,Thalakkulathur,Kozhikkode,Grama Panchayat,19,7,12,0,0,10,UDF,UDF
G11053,Thiruvambady,Kozhikkode,Grama Panchayat,19,8,9,0,2,10,UDF,No Majority
G11054,Koodaranhi,Kozhikkode,Grama Panchayat,15,6,8,0,1,8,UDF,UDF
G11055,Kizhakkoth,Kozhikkode,Grama Panchayat,20,1,14,0,5,11,UDF,UDF
G11056,Madavoor,Kozhikkode,Grama Panchayat,19,5,13,0,1,10,UDF,UDF
G11058,Puthuppadi,Kozhikkode,Grama Panchayat,24,2,19,0,3,13,UDF,UDF
G11059,Thamarassery,Kozhikkode,Grama Panchayat,22,4,16,0,2,12,UDF,UDF
G11060,Omasery,Kozhikkode,Grama Panchayat,22,5,16,0,1,12,UDF,UDF
G11061,Kattippara,Kozhikkode,Grama Panchayat,17,8,9,0,0,9,UDF,UDF
G11062,Kodenchery,Kozhikkode,Grama Panchayat,21,3,18,0,0,11,UDF,UDF
G11063,Kodiyathur,Kozhikkode,Grama Panchayat,19,4,11,0,4,10,UDF,UDF
G11064,Kuruvattur,Kozhikkode,Grama Panchayat,21,9,10,1,1,11,UDF,No Majority
G11065,Mavoor,Kozhikkode,Grama Panchayat,19,5,10,0,4,10,UDF,UDF
G11066,Karasseri,Kozhikkode,Grama Panchayat,20,11,6,0,3,11,LDF,LDF
G11067,Kunnamangalam,Kozhikkode,Grama Panchayat,24,5,16,2,1,13,UDF,UDF
G11068,Chathamangalam,Kozhikkode,Grama Panchayat,24,8,10,2,4,13,UDF,No Majority
G11070,Peruvayal,Kozhikkode,Grama Panchayat,24,9,12,0,3,13,UDF,No Majority
G11071,Perumanna,Kozhikkode,Grama Panchayat,22,7,14,0,1,12,UDF,UDF
G11072,Kadalundi,Kozhikkode,Grama Panchayat,24,13,9,1,1,13,LDF,LDF
G11075,Olavanna,Kozhikkode,Grama Panchayat,24,15,8,1,0,13,LDF,LDF
G12002,Vellamunda,Wayanad,Grama Panchayat,24,7,16,0,1,13,UDF,UDF
G12003,Thirunelly,Wayanad,Grama Panchayat,19,15,2,1,1,10,LDF,LDF
G12004,Thondernadu,Wayanad,Grama Panchayat,17,3,13,1,0,9,UDF,UDF
G12005,Edavaka,Wayanad,Grama Panchayat,21,6,15,0,0,11,UDF,UDF
G12006,Thavinhal,Wayanad,Grama Panchayat,23,8,15,0,0,12,UDF,UDF
G12008,Noolpuzha,Wayanad,Grama Panchayat,19,7,10,2,0,10,UDF,UDF
G12009,Nenmeni,Wayanad,Grama Panchayat,24,10,12,1,1,13,UDF,No Majority
G12010,Ambalavayal,Wayanad,Grama Panchayat,22,5,16,1,0,12,UDF,UDF
G12011,Meenangadi,Wayanad,Grama Panchayat,21,12,7,0,2,11,LDF,LDF
G12012,Vengappally,Wayanad,Grama Panchayat,14,3,9,1,1,8,UDF,UDF
G12013,Vythiri,Wayanad,Grama Panchayat,15,6,5,0,4,8,LDF,No Majority
G12014,Pozhuthana,Wayanad,Grama Panchayat,15,6,9,0,0,8,UDF,UDF
G12015,Thariode,Wayanad,Grama Panchayat,14,3,9,0,2,8,UDF,UDF
G12016,Meppadi,Wayanad,Grama Panchayat,23,9,13,0,1,12,UDF,UDF
G12017,Muppainadu,Wayanad,Grama Panchayat,17,9,8,0,0,9,LDF,LDF
G12018,Kottathara,Wayanad,Grama Panchayat,14,4,6,1,3,8,UDF,No Majority
G12019,Muttil,Wayanad,Grama Panchayat,22,11,10,0,1,12,LDF,No Majority
G12020,Padinjarathara,Wayanad,Grama Panchayat,18,2,13,0,3,10,UDF,UDF
G12021,Panamaram,Wayanad,Grama Panchayat,24,8,15,1,0,13,UDF,UDF
G12022,Kaniyambetta,Wayanad,Grama Panchayat,21,2,17,1,1,11,UDF,UDF
G12023,Poothady,Wayanad,Grama Panchayat,23,9,8,3,3,12,LDF,No Majority
G12024,Pulpally,Wayanad,Grama Panchayat,21,8,8,4,1,11,TIE,TIE
G12025,Mullankolly,Wayanad,Grama Panchayat,19,2,13,1,3,10,UDF,UDF
G13001,Cheruthazham,Kannur,Grama Panchayat,19,19,0,0,0,10,LDF,LDF
G13002,Madayi,Kannur,Grama Panchayat,22,4,17,0,1,12,UDF,UDF
G13003,Ezhome,Kannur,Grama Panchayat,15,13,2,0,0,8,LDF,LDF
G13004,Cherukunnu,Kannur,Grama Panchayat,14,12,2,0,0,8,LDF,LDF
G13005,Mattool,Kannur,Grama Panchayat,19,1,18,0,0,10,UDF,UDF
G13006,Kannapuram,Kannur,Grama Panchayat,15,15,0,0,0,8,LDF,LDF
G13007,Kalliassery,Kannur,Grama Panchayat,20,20,0,0,0,11,LDF,LDF
G13008,Narath,Kannur,Grama Panchayat,18,7,11,0,0,10,UDF,UDF
G13009,Cherupuzha,Kannur,Grama Panchayat,20,6,13,0,1,11,UDF,UDF
G13010,Peringome Vayakkara,Kannur,Grama Panchayat,19,12,7,0,0,10,LDF,LDF
G13011,Eramam- Kuttoor,Kannur,Grama Panchayat,19,17,1,0,1,10,LDF,LDF
G13012,Kankole- Alapadamba,Kannur,Grama Panchayat,15,15,0,0,0,8,LDF,LDF
G13013,Karivellur- Peralam,Kannur,Grama Panchayat,16,16,0,0,0,9,LDF,LDF
G13014,Kunhimangalam,Kannur,Grama Panchayat,15,11,4,0,0,8,LDF,LDF
G13015,Ramanthali,Kannur,Grama Panchayat,18,11,7,0,0,10,LDF,LDF
G13016,Udayagiri,Kannur,Grama Panchayat,15,3,11,0,1,8,UDF,UDF
G13017,Alakode,Kannur,Grama Panchayat,21,5,14,1,1,11,UDF,UDF
G13018,Naduvil,Kannur,Grama Panchayat,20,4,14,0,2,11,UDF,UDF
G13019,Chapparapadavu,Kannur,Grama Panchayat,20,8,11,0,1,11,UDF,UDF
G13020,Chengalayi,Kannur,Grama Panchayat,20,11,9,0,0,11,LDF,LDF
G13021,Kurumathoor,Kannur,Grama Panchayat,20,14,5,0,1,11,LDF,LDF
G13022,Pariyaram,Kannur,Grama Panchayat,21,13,8,0,0,11,LDF,LDF
G13023,Pattuvam,Kannur,Grama Panchayat,14,9,5,0,0,8,LDF,LDF
G13024,Kadannappalli- Panappuzha,Kannur,Grama Panchayat,16,15,1,0,0,9,LDF,LDF
G13025,Irikkur,Kannur,Grama Panchayat,14,1,12,0,1,8,UDF,UDF
G13026,Eruvessy,Kannur,Grama Panchayat,15,2,8,0,5,8,UDF,UDF
G13027,Malappattam,Kannur,Grama Panchayat,14,13,1,0,0,8,LDF,LDF
G13028,Payyavoor,Kannur,Grama Panchayat,17,4,13,0,0,9,UDF,UDF
G13029,Mayyil,Kannur,Grama Panchayat,19,14,4,0,1,10,LDF,LDF
G13031,Padiyoor Kalliad,Kannur,Grama Panchayat,16,10,5,0,1,9,LDF,LDF
G13032,Ulikkal,Kannur,Grama Panchayat,22,5,15,0,2,12,UDF,UDF
G13033,Kuttiattoor,Kannur,Grama Panchayat,18,15,2,0,1,10,LDF,LDF
G13034,Chirakkal,Kannur,Grama Panchayat,24,14,8,1,1,13,LDF,LDF
G13037,Valapattanam,Kannur,Grama Panchayat,14,1,10,1,2,8,UDF,UDF
G13038,Azheekode,Kannur,Grama Panchayat,24,15,7,1,1,13,LDF,LDF
G13039,Pappinissery,Kannur,Grama Panchayat,22,16,4,1,1,12,LDF,LDF
G13040,Kolachery,Kannur,Grama Panchayat,19,5,13,1,0,10,UDF,UDF
G13041,Munderi,Kannur,Grama Panchayat,22,11,11,0,0,12,TIE,TIE
G13045,Chembilode,Kannur,Grama Panchayat,21,11,10,0,0,11,LDF,LDF
G13046,Kadambur,Kannur,Grama Panchayat,15,7,7,0,1,8,TIE,TIE
G13047,Peralassery,Kannur,Grama Panchayat,19,15,4,0,0,10,LDF,LDF
G13048,Muzhappilangad,Kannur,Grama Panchayat,17,11,2,0,4,9,LDF,LDF
G13049,Vengad,Kannur,Grama Panchayat,23,16,7,0,0,12,LDF,LDF
G13050,Dharmadam,Kannur,Grama Panchayat,20,15,2,3,0,11,LDF,LDF
G13051,Eranholi,Kannur,Grama Panchayat,18,16,2,0,0,10,LDF,LDF
G13052,Pinarayi,Kannur,Grama Panchayat,21,21,0,0,0,11,LDF,LDF
G13053,New Mahe,Kannur,Grama Panchayat,14,9,5,0,0,8,LDF,LDF
G13054,Ancharakandy,Kannur,Grama Panchayat,17,11,6,0,0,9,LDF,LDF
G13055,Thripangottoor,Kannur,Grama Panchayat,19,4,10,4,1,10,UDF,UDF
G13056,Chittariparamba,Kannur,Grama Panchayat,17,14,2,1,0,9,LDF,LDF
G13057,Pattiam,Kannur,Grama Panchayat,20,16,2,2,0,11,LDF,LDF
G13058,Kunnothuparamba,Kannur,Grama Panchayat,23,9,11,3,0,12,UDF,No Majority
G13059,Mangattidam,Kannur,Grama Panchayat,21,19,1,0,1,11,LDF,LDF
G13060,Kottayam,Kannur,Grama Panchayat,15,14,1,0,0,8,LDF,LDF
G13061,Chockli,Kannur,Grama Panchayat,19,18,1,0,0,10,LDF,LDF
G13065,Panniyannur,Kannur,Grama Panchayat,16,16,0,0,0,9,LDF,LDF
G13066,Mokeri,Kannur,Grama Panchayat,15,12,2,1,0,8,LDF,LDF
G13067,Kadirur,Kannur,Grama Panchayat,20,20,0,0,0,11,LDF,LDF
G13068,Aralam,Kannur,Grama Panchayat,19,6,13,0,0,10,UDF,UDF
G13069,Ayyankunnu,Kannur,Grama Panchayat,16,1,14,1,0,9,UDF,UDF
G13070,Keezhallur,Kannur,Grama Panchayat,16,12,4,0,0,9,LDF,LDF
G13071,Thillankeri,Kannur,Grama Panchayat,14,10,2,2,0,8,LDF,LDF
G13072,Koodali,Kannur,Grama Panchayat,20,12,8,0,0,11,LDF,LDF
G13073,Payam,Kannur,Grama Panchayat,19,13,6,0,0,10,LDF,LDF
G13075,Kanichar,Kannur,Grama Panchayat,14,2,12,0,0,8,UDF,UDF
G13076,Kelakam,Kannur,Grama Panchayat,14,5,9,0,0,8,UDF,UDF
G13077,Kottiyoor,Kannur,Grama Panchayat,14,2,11,1,0,8,UDF,UDF
G13078,Muzhakkunnu,Kannur,Grama Panchayat,16,8,5,2,1,9,LDF,No Majority
G13079,Kolayad,Kannur,Grama Panchayat,15,8,7,0,0,8,LDF,LDF
G13080,Malur,Kannur,Grama Panchayat,16,11,4,0,1,9,LDF,LDF
G13081,Peravoor,Kannur,Grama Panchayat,17,10,6,1,0,9,LDF,LDF
G14001,Kumbadaje,Kasargod,Grama Panchayat,14,1,5,7,1,8,NDA,No Majority
G14002,Bellur,Kasargod,Grama Panchayat,14,2,0,6,6,8,TIE,TIE
G14003,Karadka,Kasargod,Grama Panchayat,16,3,4,8,1,9,NDA,No Majority
G14004,Muliyar,Kasargod,Grama Panchayat,18,3,12,3,0,10,UDF,UDF
G14005,Delampady,Kasargod,Grama Panchayat,17,5,4,5,3,9,TIE,TIE
G14006,Bedadka,Kasargod,Grama Panchayat,19,17,2,0,0,10,LDF,LDF
G14007,Kuttikkol,Kasargod,Grama Panchayat,17,10,5,2,0,9,LDF,LDF
G14008,Manjeshwar,Kasargod,Grama Panchayat,24,0,13,6,5,13,UDF,UDF
G14009,Vorkady,Kasargod,Grama Panchayat,18,4,10,2,2,10,UDF,UDF
G14010,Meenja,Kasargod,Grama Panchayat,17,1,9,7,0,9,UDF,UDF
G14011,Mangalpady,Kasargod,Grama Panchayat,24,2,19,3,0,13,UDF,UDF
G14012,Paivalike,Kasargod,Grama Panchayat,21,5,7,5,4,11,UDF,No Majority
G14013,Puthige,Kasargod,Grama Panchayat,16,5,5,2,4,9,TIE,TIE
G14014,Enmakaje,Kasargod,Grama Panchayat,18,4,8,6,0,10,UDF,No Majority
G14015,Kumbla,Kasargod,Grama Panchayat,24,3,15,5,1,13,UDF,UDF
G14016,Badiadka,Kasargod,Grama Panchayat,21,1,10,10,0,11,TIE,TIE
G14017,Mogralputhur,Kasargod,Grama Panchayat,17,2,8,4,3,9,UDF,No Majority
G14018,Madhur,Kasargod,Grama Panchayat,24,0,9,15,0,13,NDA,NDA
G14019,Chemnad,Kasargod,Grama Panchayat,24,4,18,1,1,13,UDF,UDF
G14020,Chengala,Kasargod,Grama Panchayat,24,4,19,0,1,13,UDF,UDF
G14021,Udma,Kasargod,Grama Panchayat,23,11,12,0,0,12,UDF,UDF
G14022,Pallikkara,Kasargod,Grama Panchayat,24,12,11,1,0,13,LDF,No Majority
G14023,Ajanur,Kasargod,Grama Panchayat,24,12,8,4,0,13,LDF,No Majority
G14024,Pullur-Periya,Kasargod,Grama Panchayat,19,9,9,1,0,10,TIE,TIE
G14025,Madikai,Kasargod,Grama Panchayat,16,15,0,1,0,9,LDF,LDF
G14026,Kodom -Belur,Kasargod,Grama Panchayat,21,15,4,1,1,11,LDF,LDF
G14027,Kallar,Kasargod,Grama Panchayat,15,1,12,1,1,8,UDF,UDF
G14028,Panathady,Kasargod,Grama Panchayat,17,8,5,3,1,9,LDF,No Majority
G14029,Balal,Kasargod,Grama Panchayat,17,2,14,0,1,9,UDF,UDF
G14030,Kinanoor - Karindalam,Kasargod,Grama Panchayat,19,14,5,0,0,10,LDF,LDF
G14031,West Eleri,Kasargod,Grama Panchayat,19,10,9,0,0,10,LDF,LDF
G14032,East Eleri,Kasargod,Grama Panchayat,18,2,11,0,5,10,UDF,UDF
G14033,Kayyur -  Cheemeni,Kasargod,Grama Panchayat,17,16,1,0,0,9,LDF,LDF
G14034,Cheruvathur,Kasargod,Grama Panchayat,18,13,5,0,0,10,LDF,LDF
G14035,Valiyaparamba,Kasargod,Grama Panchayat,14,6,8,0,0,8,UDF,UDF
G14036,Padne,Kasargod,Grama Panchayat,16,9,7,0,0,9,LDF,LDF
G14037,Pilicode,Kasargod,Grama Panchayat,18,18,0,0,0,10,LDF,LDF
G14038,Trikaripur,Kasargod,Grama Panchayat,23,3,20,0,0,12,UDF,UDF
M01001,Neyyattinkara,Thiruvananthapuram,Municipality,46,25,12,7,2,24,LDF,LDF
M01002,Nedumangad,Thiruvananthapuram,Municipality,42,29,10,3,0,22,LDF,LDF
M01003,Attingal,Thiruvananthapuram,Municipality,32,16,7,7,2,17,LDF,No Majority
M01004,Varkala,Thiruvananthapuram,Municipality,34,16,6,10,2,18,LDF,No Majority
M02005,Paravoor,Kollam,Municipality,32,20,5,6,1,17,LDF,LDF
M02006,Punalur,Kollam,Municipality,36,21,14,1,0,19,LDF,LDF
M02007,Karunagappally,Kollam,Municipality,37,12,19,6,0,19,UDF,UDF
M02087,Kottarakkara,Kollam,Municipality,30,17,7,5,1,16,LDF,LDF
M03008,Adoor,Pathanamthitta,Municipality,29,8,16,4,1,15,UDF,UDF
M03009,Pathanamthitta,Pathanamthitta,Municipality,33,12,17,1,3,17,UDF,UDF
M03010,Thiruvalla,Pathanamthitta,Municipality,39,11,18,7,3,20,UDF,No Majority
M03061,Pandalam,Pathanamthitta,Municipality,34,14,11,9,0,18,LDF,No Majority
M04011,Kayamkulam,Alappuzha,Municipality,45,13,21,5,6,23,UDF,No Majority
M04012,Mavelikkara,Alappuzha,Municipality,28,4,15,8,1,15,UDF,UDF
M04013,Chengannur,Alappuzha,Municipality,27,5,13,6,3,14,UDF,No Majority
M04014,Alappuzha,Alappuzha,Municipality,53,22,23,5,3,27,UDF,No Majority
M04015,Cherthala,Alappuzha,Municipality,36,20,10,4,2,19,LDF,LDF
M04062,Harippad,Alappuzha,Municipality,30,7,16,6,1,16,UDF,UDF
M05016,Changanassery,Kottayam,Municipality,37,9,13,8,7,19,UDF,No Majority
M05017,Kottayam,Kottayam,Municipality,53,15,31,6,1,27,UDF,UDF
M05018,Vaikom,Kottayam,Municipality,27,7,13,3,4,14,UDF,No Majority
M05019,Palai,Kottayam,Municipality,26,11,10,0,5,14,LDF,No Majority
M05063,Ettumanoor,Kottayam,Municipality,36,5,20,6,5,19,UDF,UDF
M05064,Erattupetta,Kottayam,Municipality,29,7,8,0,14,15,OTH,No Majority
M06020,Thodupuzha,Idukki,Municipality,38,3,19,9,7,20,UDF,No Majority
M06065,Kattappana,Idukki,Municipality,35,12,20,0,3,18,UDF,UDF
M07021,Thrippunithura,Ernakulam,Municipality,53,20,12,21,0,27,NDA,No Majority
M07022,Muvattupuzha,Ernakulam,Municipality,30,7,17,1,5,16,UDF,UDF
M07023,Kothamangalam,Ernakulam,Municipality,33,4,20,1,8,17,UDF,UDF
M07024,Perumbavoor,Ernakulam,Municipality,29,8,14,2,5,15,UDF,No Majority
M07025,Aluva,Ernakulam,Municipality,26,2,16,4,4,14,UDF,UDF
M07026,Kalamassery,Ernakulam,Municipality,46,11,28,1,6,24,UDF,UDF
M07027,North Paravur,Ernakulam,Municipality,30,9,15,3,3,16,UDF,No Majority
M07028,Angamaly,Ernakulam,Municipality,31,9,12,2,8,16,UDF,No Majority
M07029,Eloor,Ernakulam,Municipality,32,7,11,5,9,17,UDF,No Majority
M07030,Thrikkakara,Ernakulam,Municipality,48,15,26,0,7,25,UDF,UDF
M07031,Maradu,Ernakulam,Municipality,35,7,19,0,9,18,UDF,UDF
M07066,Piravom,Ernakulam,Municipality,28,1,21,1,5,15,UDF,UDF
M07067,Koothattukulam,Ernakulam,Municipality,26,8,16,0,2,14,UDF,UDF
M08032,Chalakudy,Thrissur,Municipality,37,5,21,1,10,19,UDF,UDF
M08033,Irinjalakuda,Thrissur,Municipality,43,12,22,6,3,22,UDF,UDF
M08034,Kodungallur,Thrissur,Municipality,46,25,3,18,0,24,LDF,LDF
M08035,Chavakkad,Thrissur,Municipality,33,20,11,0,2,17,LDF,LDF
M08036,Guruvayoor,Thrissur,Municipality,46,23,16,2,5,24,LDF,No Majority
M08037,Kunnamkulam,Thrissur,Municipality,39,18,9,7,5,20,LDF,No Majority
M08068,Vadakkancherry,Thrissur,Municipality,42,22,17,2,1,22,LDF,LDF
M09038,Shornur,Palakkad,Municipality,35,17,5,12,1,18,LDF,No Majority
M09039,Ottappalam,Palakkad,Municipality,39,19,7,12,1,20,LDF,No Majority
M09040,Palakkad,Palakkad,Municipality,53,8,17,25,3,27,NDA,No Majority
M09041,Chittur-Thathamangalam,Palakkad,Municipality,30,6,19,0,5,16,UDF,UDF
M09069,Pattambi,Palakkad,Municipality,29,7,15,1,6,15,UDF,UDF
M09070,Cherupulassery,Palakkad,Municipality,33,11,12,1,9,17,UDF,No Majority
M09071,Mannarkkad,Palakkad,Municipality,30,4,17,1,8,16,UDF,UDF
M10042,Ponnani,Malappuram,Municipality,53,31,16,2,4,27,LDF,LDF
M10043,Tirur,Malappuram,Municipality,40,7,28,1,4,21,UDF,UDF
M10044,Perinthalmanna,Malappuram,Municipality,37,14,15,0,8,19,UDF,No Majority
M10045,Malappuram,Malappuram,Municipality,45,6,35,0,4,23,UDF,UDF
M10046,Manjeri,Malappuram,Municipality,53,11,34,1,7,27,UDF,UDF
M10047,Kottakkal,Malappuram,Municipality,35,5,25,2,3,18,UDF,UDF
M10048,Nilambur,Malappuram,Municipality,36,6,26,0,4,19,UDF,UDF
M10072,Thanoor,Malappuram,Municipality,45,0,31,8,6,23,UDF,UDF
M10073,Parappanangadi,Malappuram,Municipality,46,3,33,3,7,24,UDF,UDF
M10074,Valanchery,Malappuram,Municipality,34,2,25,0,7,18,UDF,UDF
M10075,Tirurangadi,Malappuram,Municipality,40,1,34,0,5,21,UDF,UDF
M10088,Kondotty,Malappuram,Municipality,41,2,31,0,8,21,UDF,UDF
M11049,Koilandy,Kozhikkode,Municipality,46,22,19,4,1,24,LDF,No Majority
M11050,Vadakara,Kozhikkode,Municipality,48,28,15,3,2,25,LDF,LDF
M11076,Payyoli,Kozhikkode,Municipality,37,14,21,1,1,19,UDF,UDF
M11077,Ramanattukara,Kozhikkode,Municipality,32,9,22,0,1,17,UDF,UDF
M11078,Koduvally,Kozhikkode,Municipality,37,3,21,0,13,19,UDF,UDF
M11079,Mukkam,Kozhikkode,Municipality,34,16,10,1,7,18,LDF,No Majority
M11080,Faroke,Kozhikkode,Municipality,39,15,23,1,0,20,UDF,UDF
M12051,Kalpetta,Wayanad,Municipality,30,15,8,2,5,16,LDF,No Majority
M12081,Mananthavadi,Wayanad,Municipality,37,15,21,0,1,19,UDF,UDF
M12082,Sulthanbethery,Wayanad,Municipality,36,14,19,1,2,19,UDF,UDF
M13053,Taliparamba,Kannur,Municipality,35,15,17,3,0,18,UDF,No Majority
M13054,Koothuparamba,Kannur,Municipality,29,23,4,1,1,15,LDF,LDF
M13055,Thalassery,Kannur,Municipality,53,32,13,6,2,27,LDF,LDF
M13056,Payyannur,Kannur,Municipality,46,35,9,0,2,24,LDF,LDF
M13057,Mattannur,Kannur,Municipality,35,21,13,1,0,18,LDF,LDF
M13083,Iritty,Kannur,Municipality,34,16,13,4,1,18,LDF,No Majority
M13084,Panoor,Kannur,Municipality,41,14,23,3,1,21,UDF,UDF
M13085,Sreekandapuram,Kannur,Municipality,31,13,18,0,0,16,UDF,UDF
M13086,Anthoor,Kannur,Municipality,29,29,0,0,0,15,LDF,LDF
M14058,Kanhangad,Kasargod,Municipality,47,20,20,4,3,24,TIE,TIE
M14059,Kasaragod,Kasargod,Municipality,39,1,24,12,2,20,UDF,UDF
M14060,Nileshwar,Kasargod,Municipality,34,20,13,0,1,18,LDF,LDF